Title,ID,URL,View Count,Date,Likes,Channel Name,Channel URL,Number Of Subscriber,Duration,Thumbnail,Comments,Description Links
Haleluya Tekletsadik- የልቤ - Yelebe | New Ethiopian Music 2025 | official music video |,GafgvTd0Gzs,Haleluya Tekletsadik- የልቤ - Yelebe | New Ethiopian Music 2025 | official music video |,1008741,2025-05-16T12:00:22.000Z,18000,Haleluya Tekletsadik,https://www.youtube.com/@haleluyatekletsadik,52900,00:03:52,https://i.ytimg.com/vi/GafgvTd0Gzs/maxresdefault.jpg,,
Kuku Sebsibe - ደጃዝማች - Dejazmach | Track1 (Official Lyrics Video),IoJzpFWc1Rc,https://www.youtube.com/watch?v=IoJzpFWc1Rc,2512752,2025-05-02T14:02:36.000Z,41000,Kuku Sebsibe,https://www.youtube.com/@KukuSebsibe,117000,00:05:41,https://i.ytimg.com/vi/IoJzpFWc1Rc/maxresdefault.jpg,,"{""url"":""https://www.facebook.com/kukusebsibeofficial"",""text"":""  / kukusebsibeofficial  ""}, {""url"":""https://www.instagram.com/kukusebsibeofficial/"",""text"":""  / kukusebsibeofficial  ""}, {""url"":""https://www.tiktok.com/@kuku_sebsibe"",""text"":""  / kuku_sebsibe  ""}, {""url"":""https://www.youtube.com/hashtag/kuku"",""text"":""#kuku""}, {""url"":""https://www.youtube.com/hashtag/kukusebsibe"",""text"":""#kukusebsibe""}, {""url"":""https://www.youtube.com/hashtag/ethiopia"",""text"":""#ethiopia""}, {""url"":""https://www.youtube.com/hashtag/album"",""text"":""#Album""}, {""url"":""https://www.youtube.com/hashtag/tzitaalbum"",""text"":""#TzitaAlbum""}"
Yeshi Demelash - Wub Sew Non Stop | ሙሉ አልበም - New Ethiopian Music 2025 (All Track),dx--_AiSnK8,https://www.youtube.com/watch?v=dx--_AiSnK8,139061,2025-05-11T12:31:25.000Z,0,Yeshi Demelash,https://www.youtube.com/@YeshiDemelashofficial,32300,00:46:33,https://i.ytimg.com/vi/dx--_AiSnK8/hqdefault.jpg,,"{""url"":""https://www.youtube.com/hashtag/wubsew"",""text"":""#WubSew""}, {""url"":""https://www.youtube.com/hashtag/yeshidemelash"",""text"":""#YeshiDemelash""}, {""url"":""https://www.youtube.com/hashtag/ethiopianmusic"",""text"":""#Ethiopianmusic""}"
አሞራው ካሞራ | አስቻለው ፈጠነ | Aschalew FeteneNew Ethiopian Music 2025 (Official Video) | SewMehon Films,7Nqt4vRQBFg,https://www.youtube.com/watch?v=7Nqt4vRQBFg,11125655,2025-01-14T17:57:47.000Z,97000,Birbaux Records. SewMehon Films,https://www.youtube.com/@BirbauxRecords.SewMehonFilms,276000,00:06:57,https://i.ytimg.com/vi/7Nqt4vRQBFg/maxresdefault.jpg,,"{""url"":""https://www.youtube.com/hashtag/birbauxrecords"",""text"":""#BirbauxRecords""}, {""url"":""https://www.youtube.com/hashtag/sewmehonfilms"",""text"":""#SewMehonFilms""}, {""url"":""https://www.youtube.com/hashtag/ethiopianmusic"",""text"":""#EthiopianMusic""}, {""url"":""https://www.youtube.com/hashtag/gonder"",""text"":""#gonder""}"
Bisrat Surafel X Millen Hailu - cheche | ቼቼ | New ethiopian music 2025,2seMYuUtpV4,https://www.youtube.com/watch?v=2seMYuUtpV4,758,2025-05-27T14:32:04.000Z,12,Fidel ፊደል Tube,https://www.youtube.com/@fidel_tube1,6270,00:03:20,https://i.ytimg.com/vi/2seMYuUtpV4/maxresdefault.jpg,,
Kal Kin - ቃል ኪን - Derbaba | ደርባባ | New Amharic Music 2025 (Official Video),Xrd_zh-Ydzg,https://www.youtube.com/watch?v=Xrd_zh-Ydzg,549958,2025-04-25T11:03:46.000Z,5300,Nahom Records Inc,https://www.youtube.com/@NahomRecordsIncMusic,2110000,00:03:31,https://i.ytimg.com/vi/Xrd_zh-Ydzg/maxresdefault.jpg,,"{""url"":""https://www.youtube.com/hashtag/ethiopianmusic"",""text"":""#ethiopianmusic""}, {""url"":""https://www.youtube.com/hashtag/nahomrecordsinc"",""text"":""#nahomrecordsinc""}, {""url"":""https://www.youtube.com/hashtag/kalkin"",""text"":""#Kalkin""}, {""url"":""https://www.youtube.com/hashtag/derbaba"",""text"":""#Derbaba""}, {""url"":""https://www.youtube.com/hashtag/%E1%8B%B0%E1%88%AD%E1%89%A3%E1%89%A3"",""text"":""#ደርባባ""}, {""url"":""https://www.youtube.com/hashtag/wanine"",""text"":""#Wanine""}, {""url"":""https://www.youtube.com/hashtag/%E1%8B%8B%E1%8A%92%E1%8A%90"",""text"":""#ዋኒነ""}, {""url"":""https://www.youtube.com/hashtag/aneweyayem"",""text"":""#Aneweyayem""}, {""url"":""https://www.youtube.com/hashtag/%E1%8A%A0%E1%8A%95%E1%8B%88%E1%8B%AB%E1%8B%AD%E1%88%9D"",""text"":""#አንወያይም""}, {""url"":""https://www.youtube.com/hashtag/alresashim"",""text"":""#Alresashim""}, {""url"":""https://www.youtube.com/hashtag/amharicmusic"",""text"":""#amharicmusic""}, {""url"":""https://www.youtube.com/hashtag/habeshamusic"",""text"":""#habeshamusic""}, {""url"":""https://www.youtube.com/hashtag/music"",""text"":""#music""}, {""url"":""https://www.youtube.com/hashtag/artist"",""text"":""#artist""}, {""url"":""https://www.youtube.com/hashtag/artistsoninstagram"",""text"":""#artistsoninstagram""}, {""url"":""https://www.youtube.com/hashtag/musica"",""text"":""#musica""}, {""url"":""https://www.youtube.com/hashtag/musicvideo"",""text"":""#musicvideo""}, {""url"":""https://www.youtube.com/hashtag/musician"",""text"":""#musician""}, {""url"":""https://www.youtube.com/hashtag/newamharicmusic"",""text"":""#newamharicmusic""}, {""url"":""https://www.youtube.com/hashtag/newamharicmusic2025"",""text"":""#newamharicmusic2025""}, {""url"":""https://www.youtube.com/hashtag/kalkinnewmusicvideo"",""text"":""#kalkinnewmusicvideo""}, {""url"":""https://www.youtube.com/hashtag/%E1%89%83%E1%88%8D_%E1%8A%AA%E1%8A%95"",""text"":""#ቃል_ኪን""}, {""url"":""https://www.youtube.com/hashtag/%E1%8A%A0%E1%88%8D%E1%88%A8%E1%88%B3%E1%88%BD%E1%88%9D"",""text"":""#አልረሳሽም""}, {""url"":""https://www.youtube.com/hashtag/kalkinmusicvideo2025"",""text"":""#kalkinmusicvideo2025""}, {""url"":""https://www.youtube.com/hashtag/alresashimmusicvideo2025"",""text"":""#alresashimmusicvideo2025""}, {""url"":""https://www.youtube.com/hashtag/nahomfavorites"",""text"":""#nahomfavorites""}, {""url"":""https://www.youtube.com/hashtag/nahomrecords"",""text"":""#nahomrecords""}, {""url"":""https://www.youtube.com/hashtag/negarit"",""text"":""#negarit""}, {""url"":""https://www.youtube.com/hashtag/traditionalmusic"",""text"":""#Traditionalmusic""}, {""url"":""https://www.youtube.com/hashtag/ethiopia"",""text"":""#ethiopia""}, {""url"":""https://www.youtube.com/hashtag/ethiopianhistory"",""text"":""#ethiopianhistory""}, {""url"":""https://www.youtube.com/hashtag/addisababa"",""text"":""#addisababa""}, {""url"":""https://www.youtube.com/hashtag/lalibela"",""text"":""#lalibela""}, {""url"":""https://www.youtube.com/hashtag/tigrignamusic"",""text"":""#tigrignamusic""}, {""url"":""https://www.youtube.com/hashtag/amharamusic"",""text"":""#amharamusic""}, {""url"":""https://www.youtube.com/hashtag/oromomusic"",""text"":""#oromomusic""}, {""url"":""https://www.youtube.com/hashtag/amharicmusic2025"",""text"":""#amharicmusic2025""}, {""url"":""https://www.youtube.com/hashtag/eritreanmusic"",""text"":""#eritreanmusic""}, {""url"":""https://www.youtube.com/hashtag/eritreancomedy"",""text"":""#eritreancomedy""}, {""url"":""https://www.youtube.com/hashtag/ethiopiancomedy"",""text"":""#ethiopiancomedy""}, {""url"":""https://www.youtube.com/hashtag/ethiopiandrama"",""text"":""#ethiopiandrama""}, {""url"":""https://www.youtube.com/hashtag/ethiopianmodernmusic"",""text"":""#ethiopianmodernmusic""}, {""url"":""https://www.youtube.com/hashtag/%E1%8A%A0%E1%8B%B2%E1%88%B5_%E1%88%99%E1%8B%9A%E1%89%83"",""text"":""#አዲስ_ሙዚቃ""}, {""url"":""https://www.youtube.com/hashtag/ethiopianmovie"",""text"":""#ethiopianmovie""}, {""url"":""https://www.youtube.com/hashtag/habeshatiktok"",""text"":""#habeshatiktok""}, {""url"":""https://www.youtube.com/hashtag/ethiopiantiktok"",""text"":""#ethiopiantiktok""}, {""url"":""https://www.youtube.com/hashtag/ethiopianews"",""text"":""#ethiopianews""}, {""url"":""https://www.youtube.com/hashtag/ethiomereja"",""text"":""#ethiomereja""}, {""url"":""https://www.youtube.com/hashtag/ethiomedia"",""text"":""#ethiomedia""}, {""url"":""https://www.youtube.com/hashtag/mereja_today"",""text"":""#mereja_today""}, {""url"":""https://www.youtube.com/hashtag/ebs"",""text"":""#ebs""}, {""url"":""https://www.youtube.com/hashtag/ebsnews"",""text"":""#ebsnews""}, {""url"":""https://www.youtube.com/hashtag/kanatv"",""text"":""#kanatv""}, {""url"":""https://www.youtube.com/hashtag/artwork"",""text"":""#artwork""}, {""url"":""https://www.youtube.com/hashtag/altash"",""text"":""#altash""}, {""url"":""https://www.youtube.com/hashtag/eshi_kezias"",""text"":""#Eshi_Kezias""}, {""url"":""https://www.youtube.com/hashtag/derbabamusicvideo"",""text"":""#Derbabamusicvideo""}, {""url"":""https://www.youtube.com/hashtag/derbaba_music_video"",""text"":""#Derbaba_Music_Video""}, {""url"":""https://www.youtube.com/hashtag/musicvideo"",""text"":""#musicvideo""}, {""url"":""https://youtube.com/c/NahomRecordsincMusic"",""text"":""   / nahomrecordsincmusic  ""}, {""url"":""https://www.facebook.com/Nahomrec"",""text"":""  / nahomrec  ""}, {""url"":""https://www.tiktok.com/@nahom_record"",""text"":""  / nahom_record  ""}, {""url"":""https://t.me/nahomrecords"",""text"":""https://t.me/nahomrecords""}"
ዓይዋ/Ayiwa/Tewodros Samuel/Nuradiss Seid/Bamlak Getnet/Eyerus Melese/New Ethiopian Music 2025,--Zv9iYGcW0,https://www.youtube.com/watch?v=--Zv9iYGcW0,1444191,2025-04-19T15:00:06.000Z,17000,TEWDEROS SAMUEL,https://www.youtube.com/@Tewderos_Samuel,44700,00:08:25,https://i.ytimg.com/vi/--Zv9iYGcW0/hqdefault.jpg,,"{""url"":""https://www.youtube.com/hashtag/ethiopianmusic"",""text"":""#EthiopianMusic""}, {""url"":""https://www.youtube.com/hashtag/ayiwa"",""text"":""#Ayiwa""}, {""url"":""https://www.youtube.com/hashtag/tewodrossamuel"",""text"":""#TewodrosSamuel""}, {""url"":""https://www.youtube.com/hashtag/nuradissseid"",""text"":""#NuradissSeid""}, {""url"":""https://www.youtube.com/hashtag/bamlakgetnet"",""text"":""#BamlakGetnet""}, {""url"":""https://www.youtube.com/hashtag/eyerusmelese"",""text"":""#EyerusMelese""}, {""url"":""https://www.youtube.com/hashtag/newmusic2025"",""text"":""#NewMusic2025""}, {""url"":""https://www.youtube.com/hashtag/amhara"",""text"":""#amhara""}, {""url"":""https://www.youtube.com/hashtag/ebstv"",""text"":""#ebstv""}, {""url"":""https://www.youtube.com/hashtag/nahomrecords"",""text"":""#nahomrecords""}, {""url"":""https://www.youtube.com/hashtag/ethosvalorantmontage"",""text"":""#ethosvalorantmontage""}, {""url"":""https://www.youtube.com/hashtag/habesha"",""text"":""#habesha""}, {""url"":""https://www.youtube.com/hashtag/%E1%8B%88%E1%88%8E%E1%89%B1%E1%8B%AE%E1%89%A5"",""text"":""#ወሎቱዮብ""}, {""url"":""https://www.youtube.com/hashtag/canada"",""text"":""#canada""}, {""url"":""https://www.youtube.com/hashtag/dance"",""text"":""#dance""}, {""url"":""https://www.youtube.com/hashtag/djmusic"",""text"":""#djmusic""}, {""url"":""https://www.youtube.com/hashtag/djremix"",""text"":""#djremix""}, {""url"":""https://www.youtube.com/hashtag/ethosvalorantmontage"",""text"":""#ethosvalorantmontage""}, {""url"":""https://www.youtube.com/hashtag/%E1%8C%8E%E1%8A%95%E1%8B%B0%E1%88%AD"",""text"":""#ጎንደር""}, {""url"":""https://www.youtube.com/hashtag/habesha"",""text"":""#habesha""}"
ማህሌት ወንድሙ -ዝም | Mahlet Wendimu - Zim  (Official Music Video 2025 ) #newmusicvideo,zbeyImmnaaQ,https://www.youtube.com/watch?v=zbeyImmnaaQ,5839811,2025-01-31T15:00:11.000Z,32000,Sewasew Multimedia,https://www.youtube.com/@sewasewmultimedia,255000,00:03:26,https://i.ytimg.com/vi/zbeyImmnaaQ/maxresdefault.jpg,,"{""url"":""https://www.youtube.com/hashtag/newmusicvideo"",""text"":""#newmusicvideo""}, {""url"":""https://onelink.to/mubp9y"",""text"":""https://onelink.to/mubp9y""}, {""url"":""https://www.tiktok.com/@sewasewmultimediaet"",""text"":""  / sewasewmultimediaet  ""}, {""url"":""https://www.facebook.com/sewasewmultimedia"",""text"":""  / sewasewmultimedia  ""}, {""url"":""https://www.instagram.com/sewasewmultimedia"",""text"":""  / sewasewmultimedia  ""}, {""url"":""https://www.linkedin.com/company/sewasew-multimedia"",""text"":""  / sewasew-multimedia  ""}, {""url"":""https://twitter.com/sewasewMmedia"",""text"":""  / sewasewmmedia  ""}, {""url"":""https://www.youtube.com/channel/UCmpvWO3dhqieY9TNdcFCYsw"",""text"":""   / @sewasewmultimedia  ""}, {""url"":""https://t.me/sewasewmultimedia"",""text"":""https://t.me/sewasewmultimedia""}, {""url"":""https://www.youtube.com/hashtag/mahletwendimu"",""text"":""#mahletwendimu""}, {""url"":""https://www.youtube.com/hashtag/sewasewmultimedia"",""text"":""#sewasewmultimedia""}, {""url"":""https://www.youtube.com/hashtag/eshiatelegnimwey"",""text"":""#eshiatelegnimwey""}, {""url"":""https://www.youtube.com/hashtag/creativity"",""text"":""#creativity""}, {""url"":""https://www.youtube.com/hashtag/ignitingcreativity"",""text"":""#ignitingcreativity""}, {""url"":""https://www.youtube.com/hashtag/creativeeconomy"",""text"":""#creativeeconomy""}, {""url"":""https://www.youtube.com/hashtag/newethiopianmusic"",""text"":""#newethiopianmusic""}, {""url"":""https://www.youtube.com/hashtag/ethiopianmusic"",""text"":""#ethiopianmusic""}, {""url"":""https://www.youtube.com/hashtag/ethiopianmusic"",""text"":""#ethiopianmusic""}, {""url"":""https://www.youtube.com/hashtag/nahomrecordsinc"",""text"":""#nahomrecordsinc""}, {""url"":""https://www.youtube.com/hashtag/veronicaadane"",""text"":""#veronicaadane""}, {""url"":""https://www.youtube.com/hashtag/abebaye"",""text"":""#abebaye""}, {""url"":""https://www.youtube.com/hashtag/%E1%89%A0%E1%8A%A9%E1%88%A8%E1%8A%A0%E1%88%9B%E1%8A%91%E1%8A%A4%E1%88%8D_%E1%8B%A8%E1%88%9B%E1%8A%90"",""text"":""#በኩረአማኑኤል_የማነ""}, {""url"":""https://www.youtube.com/hashtag/%E1%8B%98%E1%8B%8D%E1%8B%B5_%E1%8A%A0%E1%88%88%E1%88%9C%E1%8A%95"",""text"":""#ዘውድ_አለሜን""}, {""url"":""https://www.youtube.com/hashtag/%E1%89%AC%E1%88%AE%E1%8A%92%E1%8A%AB_%E1%8A%A0%E1%8B%B3%E1%8A%90"",""text"":""#ቬሮኒካ_አዳነ""}, {""url"":""https://www.youtube.com/hashtag/%E1%8A%A0%E1%89%A0%E1%89%A3%E1%8B%AC"",""text"":""#አበባዬ""}, {""url"":""https://www.youtube.com/hashtag/music"",""text"":""#music""}, {""url"":""https://www.youtube.com/hashtag/musica"",""text"":""#musica""}, {""url"":""https://www.youtube.com/hashtag/musicvideo"",""text"":""#musicvideo""}, {""url"":""https://www.youtube.com/hashtag/artist"",""text"":""#artist""}, {""url"":""https://www.youtube.com/hashtag/ethiopianartist"",""text"":""#ethiopianartist""}, {""url"":""https://www.youtube.com/hashtag/veronicaadanenewmusicvideo2023"",""text"":""#veronicaadanenewmusicvideo2023""}, {""url"":""https://www.youtube.com/hashtag/veronicaadanebestmusicvideo"",""text"":""#veronicaadanebestmusicvideo""}, {""url"":""https://www.youtube.com/hashtag/ethiopia"",""text"":""#ethiopia""}, {""url"":""https://www.youtube.com/hashtag/nahomrecords"",""text"":""#nahomrecords""}, {""url"":""https://www.youtube.com/hashtag/guragignadance"",""text"":""#Guragignadance""}, {""url"":""https://www.youtube.com/hashtag/%E1%8A%A5%E1%8A%95%E1%8B%B0%E1%88%BB%E1%8B%8D_%E1%88%9E%E1%8C%88%E1%88%B5"",""text"":""#እንደሻው_ሞገስ""}, {""url"":""https://www.youtube.com/hashtag/guragecultuer"",""text"":""#Guragecultuer""}, {""url"":""https://www.youtube.com/hashtag/guragugnatraditionalmusic"",""text"":""#Guragugnatraditionalmusic""}, {""url"":""https://www.youtube.com/hashtag/argawbedaso"",""text"":""#Argawbedaso""}, {""url"":""https://www.youtube.com/hashtag/ethiopianmusic"",""text"":""#ethiopianmusic""}, {""url"":""https://www.youtube.com/hashtag/ethiopian"",""text"":""#ethiopian""}, {""url"":""https://www.youtube.com/hashtag/ethiopia"",""text"":""#ethiopia""}, {""url"":""https://www.youtube.com/hashtag/habesha"",""text"":""#habesha""}, {""url"":""https://www.youtube.com/hashtag/ethiopianwomen"",""text"":""#ethiopianwomen""}, {""url"":""https://www.youtube.com/hashtag/habeshabeauty"",""text"":""#habeshabeauty""}, {""url"":""https://www.youtube.com/hashtag/addisababa"",""text"":""#addisababa""}, {""url"":""https://www.youtube.com/hashtag/ethiopianfood"",""text"":""#ethiopianfood""}, {""url"":""https://www.youtube.com/hashtag/habeshafashion"",""text"":""#habeshafashion""}, {""url"":""https://www.youtube.com/hashtag/habeshawedding"",""text"":""#habeshawedding""}, {""url"":""https://www.youtube.com/hashtag/eritrean"",""text"":""#eritrean""}, {""url"":""https://www.youtube.com/hashtag/ethio"",""text"":""#ethio""}, {""url"":""https://www.youtube.com/hashtag/eritrea"",""text"":""#eritrea""}, {""url"":""https://www.youtube.com/hashtag/habeshastyle"",""text"":""#habeshastyle""}, {""url"":""https://www.youtube.com/hashtag/habeshakemis"",""text"":""#habeshakemis""}, {""url"":""https://www.youtube.com/hashtag/habeshadress"",""text"":""#habeshadress""}, {""url"":""https://www.youtube.com/hashtag/africa"",""text"":""#africa""}, {""url"":""https://www.youtube.com/hashtag/ethiopians"",""text"":""#ethiopians""}, {""url"":""https://www.youtube.com/hashtag/ethiopiancoffee"",""text"":""#ethiopiancoffee""}, {""url"":""https://www.youtube.com/hashtag/habeshagirl"",""text"":""#habeshagirl""}, {""url"":""https://www.youtube.com/hashtag/ethiopianmusic"",""text"":""#ethiopianmusic""}, {""url"":""https://www.youtube.com/hashtag/habeshaqueens"",""text"":""#habeshaqueens""}, {""url"":""https://www.youtube.com/hashtag/addisabeba"",""text"":""#addisabeba""}, {""url"":""https://www.youtube.com/hashtag/habeshabrides"",""text"":""#habeshabrides""}, {""url"":""https://www.youtube.com/hashtag/reviewethio"",""text"":""#reviewethio""}, {""url"":""https://www.youtube.com/hashtag/amharic"",""text"":""#amharic""}, {""url"":""https://www.youtube.com/hashtag/habeshamemes"",""text"":""#habeshamemes""}, {""url"":""https://www.youtube.com/hashtag/love"",""text"":""#love""}, {""url"":""https://www.youtube.com/hashtag/african"",""text"":""#african""}, {""url"":""https://www.youtube.com/hashtag/oromo"",""text"":""#oromo""}, {""url"":""https://www.youtube.com/hashtag/ethiopianwedding"",""text"":""#ethiopianwedding""}, {""url"":""https://www.youtube.com/hashtag/ethiopianmusic"",""text"":""#ethiopianmusic""}, {""url"":""https://www.youtube.com/hashtag/ethiopianmovie"",""text"":""#ethiopianmovie""}, {""url"":""https://www.youtube.com/hashtag/habsha"",""text"":""#habsha""}, {""url"":""https://www.youtube.com/hashtag/ethiopia"",""text"":""#ethiopia""}, {""url"":""https://www.youtube.com/hashtag/ethiopiamusic"",""text"":""#ethiopiamusic""}, {""url"":""https://www.youtube.com/hashtag/ethiopia"",""text"":""#ethiopia""}, {""url"":""https://www.youtube.com/hashtag/ethiopiamusic"",""text"":""#ethiopiamusic""}, {""url"":""https://www.youtube.com/hashtag/ertria"",""text"":""#ertria""}, {""url"":""https://www.youtube.com/hashtag/ertriamusic"",""text"":""#ertriamusic""}, {""url"":""https://www.youtube.com/hashtag/culture"",""text"":""#culture""}, {""url"":""https://www.youtube.com/hashtag/habshatiktok"",""text"":""#habshatiktok""}, {""url"":""https://www.youtube.com/hashtag/habsselfie"",""text"":""#habsselfie""}, {""url"":""https://www.youtube.com/hashtag/jamaica"",""text"":""#jamaica""}, {""url"":""https://www.youtube.com/hashtag/facebook"",""text"":""#facebook""}, {""url"":""https://www.youtube.com/hashtag/tiktokethiopia"",""text"":""#tiktokethiopia""}, {""url"":""https://www.youtube.com/hashtag/onelove"",""text"":""#onelove""}, {""url"":""https://www.youtube.com/hashtag/%E1%8A%A2%E1%89%B5%E1%8B%AE%E1%8C%B5%E1%8B%AB%E1%8B%AC"",""text"":""#ኢትዮጵያዬ""}, {""url"":""https://www.youtube.com/hashtag/%E1%88%80%E1%89%A0%E1%88%BB"",""text"":""#ሀበሻ""}, {""url"":""https://www.youtube.com/hashtag/loveyou"",""text"":""#loveyou""}, {""url"":""https://www.youtube.com/hashtag/ethiopianculture"",""text"":""#ethiopianculture""}, {""url"":""https://www.youtube.com/hashtag/habesha"",""text"":""#habesha""}, {""url"":""https://www.youtube.com/hashtag/blakestar"",""text"":""#blakestar""}, {""url"":""https://www.youtube.com/hashtag/brothers"",""text"":""#brothers""}, {""url"":""https://www.youtube.com/hashtag/habshaartistn"",""text"":""#habshaartistn""}, {""url"":""https://www.youtube.com/hashtag/michaelbelayneh"",""text"":""#michaelbelayneh""}, {""url"":""https://www.youtube.com/hashtag/habshamusic"",""text"":""#habshamusic""}, {""url"":""https://www.youtube.com/hashtag/butfirstcoffee"",""text"":""#butfirstcoffee""}, {""url"":""https://www.youtube.com/hashtag/cultura"",""text"":""#cultura""}, {""url"":""https://www.youtube.com/hashtag/loveislove"",""text"":""#loveislove""}, {""url"":""https://www.youtube.com/hashtag/boystyle"",""text"":""#boystyle""}, {""url"":""https://www.youtube.com/hashtag/lovestory"",""text"":""#lovestory""}, {""url"":""https://www.youtube.com/hashtag/man"",""text"":""#man""}, {""url"":""https://www.youtube.com/hashtag/ethiopianmusic"",""text"":""#ethiopianmusic""}, {""url"":""https://www.youtube.com/hashtag/ethiopian"",""text"":""#Ethiopian""}, {""url"":""https://www.youtube.com/hashtag/music"",""text"":""#Music""}, {""url"":""https://www.youtube.com/hashtag/ethiopianmusic"",""text"":""#ethiopianmusic""}, {""url"":""https://www.youtube.com/hashtag/amharicmusic"",""text"":""#amharicmusic""}, {""url"":""https://www.youtube.com/hashtag/dagi_d"",""text"":""#dagi_d""}, {""url"":""https://www.youtube.com/hashtag/newmusic"",""text"":""#newmusic""}, {""url"":""https://www.youtube.com/hashtag/%E1%8A%A2%E1%89%B5%E1%8B%AE%E1%8C%B5%E1%8B%AB_%E1%88%99%E1%8B%9A%E1%89%83"",""text"":""#ኢትዮጵያ_ሙዚቃ""}, {""url"":""https://www.youtube.com/hashtag/%E1%8B%B3%E1%8C%8A_%E1%8B%B2"",""text"":""#ዳጊ_ዲ""}, {""url"":""https://www.youtube.com/hashtag/%E1%89%A3%E1%8B%AD%E1%88%BD"",""text"":""#ባይሽ""}, {""url"":""https://www.youtube.com/hashtag/ethiopiannews"",""text"":""#ethiopiannews""}, {""url"":""https://www.youtube.com/hashtag/ethiopianmovie"",""text"":""#ethiopianmovie""}, {""url"":""https://www.youtube.com/hashtag/ethiopiancomedy"",""text"":""#ethiopiancomedy""}, {""url"":""https://www.youtube.com/hashtag/ethiopianclassicalmusic"",""text"":""#ethiopianclassicalmusic""}, {""url"":""https://www.youtube.com/hashtag/ethiopiandrama"",""text"":""#ethiopiandrama""}, {""url"":""https://www.youtube.com/hashtag/%E1%8A%93%E1%88%86%E1%88%9D_%E1%88%AC%E1%8A%A8%E1%88%AD%E1%8B%B5%E1%88%B5"",""text"":""#ናሆም_ሬከርድስ""}, {""url"":""https://www.youtube.com/hashtag/nahomrecords"",""text"":""#nahomrecords""}, {""url"":""https://www.youtube.com/hashtag/nahomfavorite"",""text"":""#nahomfavorite""}, {""url"":""https://www.youtube.com/hashtag/habeshachewata"",""text"":""#habeshachewata""}, {""url"":""https://www.youtube.com/hashtag/habeshadance"",""text"":""#habeshadance""}, {""url"":""https://www.youtube.com/hashtag/eskista"",""text"":""#eskista""}, {""url"":""https://www.youtube.com/hashtag/newmusicvideo"",""text"":""#Newmusicvideo""}, {""url"":""https://www.youtube.com/hashtag/ethiopia"",""text"":""#ethiopia""}, {""url"":""https://www.youtube.com/hashtag/ethiopianhistory"",""text"":""#ethiopianhistory""}, {""url"":""https://www.youtube.com/hashtag/eritreanmusic"",""text"":""#eritreanmusic""}, {""url"":""https://www.youtube.com/hashtag/tigrignamusic"",""text"":""#tigrignamusic""}, {""url"":""https://www.youtube.com/hashtag/oromomusic2022"",""text"":""#oromomusic2022""}, {""url"":""https://www.youtube.com/hashtag/ebs"",""text"":""#ebs""}, {""url"":""https://www.youtube.com/hashtag/ebsnews"",""text"":""#ebsnews""}, {""url"":""https://www.youtube.com/hashtag/today"",""text"":""#today""}, {""url"":""https://www.youtube.com/hashtag/kanatv"",""text"":""#kanatv""}, {""url"":""https://www.youtube.com/hashtag/etvnews"",""text"":""#etvnews""}, {""url"":""https://www.youtube.com/hashtag/ethio360"",""text"":""#ethio360""}, {""url"":""https://www.youtube.com/hashtag/abiyahmed"",""text"":""#abiyahmed""}, {""url"":""https://www.youtube.com/hashtag/habeshaunity"",""text"":""#habeshaunity""}, {""url"":""https://www.youtube.com/hashtag/habesha"",""text"":""#habesha""}, {""url"":""https://www.youtube.com/hashtag/ethiopiamusic"",""text"":""#ethiopiamusic""}, {""url"":""https://www.youtube.com/hashtag/elatv"",""text"":""#elatv""}, {""url"":""https://www.youtube.com/hashtag/jegna"",""text"":""#Jegna""}, {""url"":""https://www.youtube.com/hashtag/eyayu"",""text"":""#Eyayu""}, {""url"":""https://www.youtube.com/hashtag/mastewal"",""text"":""#mastewal""}, {""url"":""https://www.youtube.com/hashtag/eyayu"",""text"":""#eyayu""}, {""url"":""https://www.youtube.com/hashtag/%E1%8C%80%E1%8C%8D%E1%8A%93"",""text"":""#ጀግና""}, {""url"":""https://www.youtube.com/hashtag/mastewaleyayu"",""text"":""#mastewaleyayu""}, {""url"":""https://www.youtube.com/hashtag/newmusic"",""text"":""#newmusic""}, {""url"":""https://www.youtube.com/hashtag/mastewaleyayu"",""text"":""#mastewaleyayu""}, {""url"":""https://www.youtube.com/hashtag/mastewaleyayu"",""text"":""#mastewaleyayu""}, {""url"":""https://www.youtube.com/hashtag/jegna"",""text"":""#jegna""}, {""url"":""https://www.youtube.com/hashtag/ethiopianmusic"",""text"":""#ethiopianmusic""}, {""url"":""https://www.youtube.com/hashtag/newethiopianmusic2022"",""text"":""#newethiopianmusic2022""}, {""url"":""https://www.youtube.com/hashtag/ethiopianmusic2023"",""text"":""#ethiopianmusic2023""}, {""url"":""https://www.youtube.com/hashtag/newethiopianmusic2024"",""text"":""#newethiopianmusic2024""}, {""url"":""https://www.youtube.com/hashtag/thisweek"",""text"":""#thisweek""}, {""url"":""https://www.youtube.com/hashtag/teddyafro"",""text"":""#teddyafro""}, {""url"":""https://www.youtube.com/hashtag/rophnan"",""text"":""#rophnan""}, {""url"":""https://www.youtube.com/hashtag/oromomusic"",""text"":""#oromomusic""}, {""url"":""https://www.youtube.com/hashtag/tigray"",""text"":""#tigray""}, {""url"":""https://www.youtube.com/hashtag/esubalewyetayew"",""text"":""#esubalewyetayew""}, {""url"":""https://www.youtube.com/hashtag/kalkin"",""text"":""#Kalkin""}, {""url"":""https://www.youtube.com/hashtag/eritreanmusic"",""text"":""#eritreanmusic""}, {""url"":""https://www.youtube.com/hashtag/neweritreanmusic2023"",""text"":""#neweritreanmusic2023""}, {""url"":""https://www.youtube.com/hashtag/eritreanmusic2022"",""text"":""#eritreanmusic2022""}, {""url"":""https://www.youtube.com/hashtag/new"",""text"":""#new""}, {""url"":""https://www.youtube.com/hashtag/addiszefen"",""text"":""#addiszefen""}, {""url"":""https://www.youtube.com/hashtag/zefen"",""text"":""#zefen""}, {""url"":""https://www.youtube.com/hashtag/ethiopianmusic2022"",""text"":""#ethiopianmusic2022""}, {""url"":""https://www.youtube.com/hashtag/eskista"",""text"":""#eskista""}, {""url"":""https://www.youtube.com/hashtag/eskistamusic"",""text"":""#eskistamusic""}, {""url"":""https://www.youtube.com/hashtag/ethiosong"",""text"":""#ethiosong""}, {""url"":""https://www.youtube.com/hashtag/habeshamusic"",""text"":""#habeshamusic""}, {""url"":""https://www.youtube.com/hashtag/ethiomusic"",""text"":""#ethiomusic""}, {""url"":""https://www.youtube.com/hashtag/ethiopianmusic"",""text"":""#ethiopianmusic""}, {""url"":""https://www.youtube.com/hashtag/habesha"",""text"":""#habesha""}, {""url"":""https://www.youtube.com/hashtag/ethiotiktok"",""text"":""#Ethiotiktok""}, {""url"":""https://www.youtube.com/hashtag/besttiktok"",""text"":""#besttiktok""}, {""url"":""https://www.youtube.com/hashtag/ethiopiantiktoker"",""text"":""#Ethiopiantiktoker""}, {""url"":""https://www.youtube.com/hashtag/funny"",""text"":""#funny""}, {""url"":""https://www.youtube.com/hashtag/funnyvideos"",""text"":""#funnyvideos""}, {""url"":""https://www.youtube.com/hashtag/ethiopianfunnyvideo"",""text"":""#Ethiopianfunnyvideo""}, {""url"":""https://www.youtube.com/hashtag/fun"",""text"":""#fun""}, {""url"":""https://www.youtube.com/hashtag/bestfunnyvideo"",""text"":""#bestfunnyvideo""}, {""url"":""https://www.youtube.com/hashtag/%E1%88%98%E1%8B%9D%E1%8A%93%E1%8A%9B"",""text"":""#መዝናኛ""}, {""url"":""https://www.youtube.com/hashtag/%E1%8A%A0%E1%88%B5%E1%89%82%E1%8A%9D"",""text"":""#አስቂኝ""}, {""url"":""https://www.youtube.com/hashtag/%E1%8A%A0%E1%8B%9D%E1%8A%93%E1%8A%9D"",""text"":""#አዝናኝ""}, {""url"":""https://www.youtube.com/hashtag/%E1%89%A0%E1%88%B5%E1%8A%95%E1%89%B1"",""text"":""#በስንቱ""}, {""url"":""https://www.youtube.com/hashtag/%E1%8A%A0%E1%8A%95%E1%89%B1%E1%8A%A8%E1%8A%95%E1%89%B1"",""text"":""#አንቱከንቱ""}, {""url"":""https://www.youtube.com/hashtag/viraltiktok"",""text"":""#Viraltiktok""}, {""url"":""https://www.youtube.com/hashtag/tiktok"",""text"":""#Tiktok""}, {""url"":""https://www.youtube.com/hashtag/tiktokvideo"",""text"":""#tiktokvideo""}, {""url"":""https://www.youtube.com/hashtag/ethiopiantiktok"",""text"":""#Ethiopiantiktok""}, {""url"":""https://www.youtube.com/hashtag/amharictiktok"",""text"":""#Amharictiktok""}, {""url"":""https://www.youtube.com/hashtag/ethiopianviraltiktokvideo"",""text"":""#Ethiopianviraltiktokvideo""}, {""url"":""https://www.youtube.com/hashtag/safari"",""text"":""#safari""}, {""url"":""https://www.youtube.com/hashtag/safaricom"",""text"":""#safaricom""}, {""url"":""https://www.youtube.com/hashtag/safaricom"",""text"":""#safaricom""}, {""url"":""https://www.youtube.com/hashtag/ethiopia"",""text"":""#Ethiopia""}, {""url"":""https://www.youtube.com/hashtag/ethiopia"",""text"":""#Ethiopia""}, {""url"":""https://www.youtube.com/hashtag/abelbrhanu"",""text"":""#Abelbrhanu""}, {""url"":""https://www.youtube.com/hashtag/abelbrhanu2"",""text"":""#abelbrhanu2""}, {""url"":""https://www.youtube.com/hashtag/abel2"",""text"":""#abel2""}, {""url"":""https://www.youtube.com/hashtag/denklijoch"",""text"":""#denklijoch""}, {""url"":""https://www.youtube.com/hashtag/dinklijoch"",""text"":""#dinklijoch""}, {""url"":""https://www.youtube.com/hashtag/dinklijoch"",""text"":""#Dinklijoch""}, {""url"":""https://www.youtube.com/hashtag/besintu"",""text"":""#besintu""}, {""url"":""https://www.youtube.com/hashtag/ethiotiktok"",""text"":""#ethiotiktok""}, {""url"":""https://www.youtube.com/hashtag/memrecords"",""text"":""#memrecords""}, {""url"":""https://www.youtube.com/hashtag/bekureamanuelyemane"",""text"":""#Bekureamanuelyemane""}, {""url"":""https://www.youtube.com/hashtag/zewd_alemen"",""text"":""#Zewd_alemen""}, {""url"":""https://www.youtube.com/hashtag/%E1%89%A0%E1%8A%A9%E1%88%A8%E1%8A%A0%E1%88%9B%E1%8A%91%E1%8A%A4%E1%88%8D_%E1%8B%A8"",""text"":""#በኩረአማኑኤል_የ""}, {""url"":""https://www.youtube.com/hashtag/seifuonebs"",""text"":""#seifuonebs""}, {""url"":""https://www.youtube.com/hashtag/seifufantahun"",""text"":""#seifufantahun""}, {""url"":""https://www.youtube.com/hashtag/mahletebs"",""text"":""#mahletebs""}, {""url"":""https://www.youtube.com/hashtag/wellogeragerumahlet"",""text"":""#wellogeragerumahlet""}, {""url"":""https://www.youtube.com/hashtag/veronica"",""text"":""#veronica""}, {""url"":""https://www.youtube.com/hashtag/lijmichael"",""text"":""#lijmichael""}, {""url"":""https://www.youtube.com/hashtag/lijmichaelfaf"",""text"":""#lijmichaelfaf""}, {""url"":""https://www.youtube.com/hashtag/ethiopiannewmusicvideo"",""text"":""#ethiopiannewmusicvideo""}, {""url"":""https://www.youtube.com/hashtag/fikiraddisnekatibeb"",""text"":""#fikiraddisnekatibeb""}, {""url"":""https://www.youtube.com/hashtag/seifuonebs"",""text"":""#seifuonebs""}, {""url"":""https://www.youtube.com/hashtag/teddyafro"",""text"":""#teddyafro""}, {""url"":""https://www.youtube.com/hashtag/mahieyu"",""text"":""#mahieyu""}, {""url"":""https://www.youtube.com/hashtag/andualemgosa"",""text"":""#andualemgosa""}, {""url"":""https://www.youtube.com/hashtag/abdukiar"",""text"":""#abdukiar""}, {""url"":""https://www.youtube.com/hashtag/abdukiarmusic"",""text"":""#abdukiarmusic""}, {""url"":""https://www.youtube.com/hashtag/hannagirma"",""text"":""#hannagirma""}, {""url"":""https://www.youtube.com/hashtag/michaelbelaynehnewmusicvideo"",""text"":""#michaelbelaynehnewmusicvideo""}, {""url"":""https://www.youtube.com/hashtag/gosayetesfaye"",""text"":""#gosayetesfaye""}, {""url"":""https://www.youtube.com/hashtag/%E1%8B%AB%E1%88%AC%E1%8B%B5%E1%8A%90%E1%8C%89"",""text"":""#ያሬድነጉ""}, {""url"":""https://www.youtube.com/hashtag/yarednegu"",""text"":""#yarednegu""}, {""url"":""https://www.youtube.com/hashtag/yohana"",""text"":""#yohana""}, {""url"":""https://www.youtube.com/hashtag/yohananewalbum"",""text"":""#yohananewalbum""}, {""url"":""https://www.youtube.com/hashtag/alemayehuhirpo"",""text"":""#alemayehuhirpo""}, {""url"":""https://www.youtube.com/hashtag/eliasmelka"",""text"":""#eliasmelka""}, {""url"":""https://www.youtube.com/hashtag/dagmawiali"",""text"":""#dagmawiali""}, {""url"":""https://www.youtube.com/hashtag/hannagirma"",""text"":""#hannagirma""}, {""url"":""https://www.youtube.com/hashtag/minmeseleh"",""text"":""#minmeseleh""}, {""url"":""https://www.youtube.com/hashtag/%E1%88%83%E1%8A%93%E1%8C%8D%E1%88%AD%E1%88%9B"",""text"":""#ሃናግርማ""}, {""url"":""https://www.youtube.com/hashtag/%E1%88%9D%E1%8A%95%E1%88%98%E1%88%B0%E1%88%88%E1%88%85"",""text"":""#ምንመሰለህ""}"
Kuku Sebsibe _ Dejazmach Album Nonstop | ደጃዝማች ሙሉ አልበም | New Ethiopian Music 2025,A9cp1bkIy9o,https://www.youtube.com/watch?v=A9cp1bkIy9o,479445,2025-05-09T13:00:06.000Z,6400,Kuku Sebsibe,https://www.youtube.com/@KukuSebsibe,117000,01:04:58,https://i.ytimg.com/vi/A9cp1bkIy9o/maxresdefault.jpg,,"{""url"":""https://www.youtube.com/watch?v=A9cp1bkIy9o"",""text"":""0:00""}, {""url"":""https://www.youtube.com/watch?v=A9cp1bkIy9o&t=340s"",""text"":""05:40""}, {""url"":""https://www.youtube.com/watch?v=A9cp1bkIy9o&t=621s"",""text"":""10:21""}, {""url"":""https://www.youtube.com/watch?v=A9cp1bkIy9o&t=862s"",""text"":""14:22""}, {""url"":""https://www.youtube.com/watch?v=A9cp1bkIy9o&t=1121s"",""text"":""18:41""}, {""url"":""https://www.youtube.com/watch?v=A9cp1bkIy9o&t=1439s"",""text"":""23:59""}, {""url"":""https://www.youtube.com/watch?v=A9cp1bkIy9o&t=1666s"",""text"":""27:46""}, {""url"":""https://www.youtube.com/watch?v=A9cp1bkIy9o&t=2007s"",""text"":""33:27""}, {""url"":""https://www.youtube.com/watch?v=A9cp1bkIy9o&t=2294s"",""text"":""38:14""}, {""url"":""https://www.youtube.com/watch?v=A9cp1bkIy9o&t=2516s"",""text"":""41:56""}, {""url"":""https://www.youtube.com/watch?v=A9cp1bkIy9o&t=2873s"",""text"":""47:53""}, {""url"":""https://www.youtube.com/watch?v=A9cp1bkIy9o&t=3134s"",""text"":""52:14""}, {""url"":""https://www.youtube.com/watch?v=A9cp1bkIy9o&t=3437s"",""text"":""57:17""}, {""url"":""https://www.facebook.com/kukusebsibeofficial"",""text"":""  / kukusebsibeofficial  ""}, {""url"":""https://www.instagram.com/kukusebsibeofficial/"",""text"":""  / kukusebsibeofficial  ""}, {""url"":""https://www.tiktok.com/@kuku_sebsibe"",""text"":""  / kuku_sebsibe  ""}, {""url"":""https://www.youtube.com/hashtag/album"",""text"":""#album""}, {""url"":""https://www.youtube.com/hashtag/ethiopia"",""text"":""#ethiopia""}, {""url"":""https://www.youtube.com/hashtag/kukusebsibe"",""text"":""#kukusebsibe""}, {""url"":""https://www.youtube.com/hashtag/dejazmach"",""text"":""#dejazmach""}, {""url"":""https://www.youtube.com/hashtag/teddy"",""text"":""#teddy""}, {""url"":""https://www.youtube.com/hashtag/teddyafro"",""text"":""#teddyafro""}, {""url"":""https://www.youtube.com/hashtag/habesha"",""text"":""#habesha""}, {""url"":""https://www.youtube.com/hashtag/kuku"",""text"":""#kuku""}"
Mak Ezra - Tewehade - ማክ እዝራ - ተወሓደ - New Tigrigna music 2025 (Official Video),e6vSKh9hiBU,https://www.youtube.com/watch?v=e6vSKh9hiBU,4241964,2025-05-09T15:00:07.000Z,64000,Nahom Records Inc,https://www.youtube.com/@NahomRecordsIncMusic,2110000,00:05:50,https://i.ytimg.com/vi/e6vSKh9hiBU/maxresdefault.jpg,,"{""url"":""https://www.youtube.com/hashtag/ethiopianmusic"",""text"":""#ethiopianmusic""}, {""url"":""https://www.youtube.com/hashtag/nahomrecordsinc"",""text"":""#nahomrecordsinc""}, {""url"":""https://www.youtube.com/hashtag/make_ezra"",""text"":""#Make_Ezra""}, {""url"":""https://www.youtube.com/hashtag/tewehade"",""text"":""#Tewehade""}, {""url"":""https://www.youtube.com/hashtag/mizan"",""text"":""#Mizan""}, {""url"":""https://www.youtube.com/hashtag/amanuel_yemane"",""text"":""#amanuel_yemane""}, {""url"":""https://www.youtube.com/hashtag/nahomrecords"",""text"":""#nahomrecords""}, {""url"":""https://www.youtube.com/hashtag/tigrignamusic"",""text"":""#tigrignamusic""}, {""url"":""https://www.youtube.com/hashtag/niskila"",""text"":""#Niskila""}, {""url"":""https://www.youtube.com/hashtag/tigrignasong"",""text"":""#Tigrignasong""}, {""url"":""https://www.youtube.com/hashtag/amharicmusic"",""text"":""#amharicmusic""}, {""url"":""https://www.youtube.com/hashtag/eritreanmusic"",""text"":""#eritreanmusic""}, {""url"":""https://www.youtube.com/hashtag/abreham_gebremedhin"",""text"":""#Abreham_Gebremedhin""}, {""url"":""https://www.youtube.com/hashtag/efrem_amare"",""text"":""#Efrem_Amare""}, {""url"":""https://www.youtube.com/hashtag/tigray_music"",""text"":""#tigray_music""}, {""url"":""https://www.youtube.com/hashtag/axum"",""text"":""#axum""}, {""url"":""https://www.youtube.com/hashtag/selamawit_yohannes"",""text"":""#selamawit_yohannes""}, {""url"":""https://www.youtube.com/hashtag/eden_gebreselassie"",""text"":""#eden_gebreselassie""}, {""url"":""https://www.youtube.com/hashtag/tewehademusicvideo"",""text"":""#Tewehademusicvideo""}, {""url"":""https://www.youtube.com/hashtag/makeezramusicvideo"",""text"":""#Makeezramusicvideo""}, {""url"":""https://youtube.com/c/NahomRecordsincMusic"",""text"":""   / nahomrecordsincmusic  ""}, {""url"":""https://www.facebook.com/Nahomrec"",""text"":""  / nahomrec  ""}, {""url"":""https://www.tiktok.com/@nahom_record"",""text"":""  / nahom_record  ""}, {""url"":""https://t.me/nahomrecords"",""text"":""https://t.me/nahomrecords""}"
Kuku Sebsibe - ደጃዝማች - Dejazmach | Track1 (Official Lyrics Video),IoJzpFWc1Rc,https://www.youtube.com/watch?v=IoJzpFWc1Rc,2512892,2025-05-02T14:02:36.000Z,41000,Kuku Sebsibe,https://www.youtube.com/@KukuSebsibe,117000,00:05:41,https://i.ytimg.com/vi/IoJzpFWc1Rc/maxresdefault.jpg,,"{""url"":""https://www.facebook.com/kukusebsibeofficial"",""text"":""  / kukusebsibeofficial  ""}, {""url"":""https://www.instagram.com/kukusebsibeofficial/"",""text"":""  / kukusebsibeofficial  ""}, {""url"":""https://www.tiktok.com/@kuku_sebsibe"",""text"":""  / kuku_sebsibe  ""}, {""url"":""https://www.youtube.com/hashtag/kuku"",""text"":""#kuku""}, {""url"":""https://www.youtube.com/hashtag/kukusebsibe"",""text"":""#kukusebsibe""}, {""url"":""https://www.youtube.com/hashtag/ethiopia"",""text"":""#ethiopia""}, {""url"":""https://www.youtube.com/hashtag/album"",""text"":""#Album""}, {""url"":""https://www.youtube.com/hashtag/tzitaalbum"",""text"":""#TzitaAlbum""}"
Haleluya Tekletsadik- የልቤ - Yelebe | New Ethiopian Music 2025 | official music video |,GafgvTd0Gzs,https://www.youtube.com/watch?v=GafgvTd0Gzs,1008978,2025-05-16T12:00:22.000Z,18000,Haleluya Tekletsadik,https://www.youtube.com/@haleluyatekletsadik,52900,00:03:52,https://i.ytimg.com/vi/GafgvTd0Gzs/maxresdefault.jpg,,
አሞራው ካሞራ | አስቻለው ፈጠነ | Aschalew FeteneNew Ethiopian Music 2025 (Official Video) | SewMehon Films,7Nqt4vRQBFg,https://www.youtube.com/watch?v=7Nqt4vRQBFg,11125807,2025-01-14T17:57:47.000Z,97000,Birbaux Records. SewMehon Films,https://www.youtube.com/@BirbauxRecords.SewMehonFilms,276000,00:06:57,https://i.ytimg.com/vi/7Nqt4vRQBFg/maxresdefault.jpg,,"{""url"":""https://www.youtube.com/hashtag/birbauxrecords"",""text"":""#BirbauxRecords""}, {""url"":""https://www.youtube.com/hashtag/sewmehonfilms"",""text"":""#SewMehonFilms""}, {""url"":""https://www.youtube.com/hashtag/ethiopianmusic"",""text"":""#EthiopianMusic""}, {""url"":""https://www.youtube.com/hashtag/gonder"",""text"":""#gonder""}"
Kal Kin - ቃል ኪን - Derbaba | ደርባባ | New Amharic Music 2025 (Official Video),Xrd_zh-Ydzg,https://www.youtube.com/watch?v=Xrd_zh-Ydzg,549978,2025-04-25T11:03:46.000Z,5300,Nahom Records Inc,https://www.youtube.com/@NahomRecordsIncMusic,2110000,00:03:31,https://i.ytimg.com/vi/Xrd_zh-Ydzg/maxresdefault.jpg,,"{""url"":""https://www.youtube.com/hashtag/ethiopianmusic"",""text"":""#ethiopianmusic""}, {""url"":""https://www.youtube.com/hashtag/nahomrecordsinc"",""text"":""#nahomrecordsinc""}, {""url"":""https://www.youtube.com/hashtag/kalkin"",""text"":""#Kalkin""}, {""url"":""https://www.youtube.com/hashtag/derbaba"",""text"":""#Derbaba""}, {""url"":""https://www.youtube.com/hashtag/%E1%8B%B0%E1%88%AD%E1%89%A3%E1%89%A3"",""text"":""#ደርባባ""}, {""url"":""https://www.youtube.com/hashtag/wanine"",""text"":""#Wanine""}, {""url"":""https://www.youtube.com/hashtag/%E1%8B%8B%E1%8A%92%E1%8A%90"",""text"":""#ዋኒነ""}, {""url"":""https://www.youtube.com/hashtag/aneweyayem"",""text"":""#Aneweyayem""}, {""url"":""https://www.youtube.com/hashtag/%E1%8A%A0%E1%8A%95%E1%8B%88%E1%8B%AB%E1%8B%AD%E1%88%9D"",""text"":""#አንወያይም""}, {""url"":""https://www.youtube.com/hashtag/alresashim"",""text"":""#Alresashim""}, {""url"":""https://www.youtube.com/hashtag/amharicmusic"",""text"":""#amharicmusic""}, {""url"":""https://www.youtube.com/hashtag/habeshamusic"",""text"":""#habeshamusic""}, {""url"":""https://www.youtube.com/hashtag/music"",""text"":""#music""}, {""url"":""https://www.youtube.com/hashtag/artist"",""text"":""#artist""}, {""url"":""https://www.youtube.com/hashtag/artistsoninstagram"",""text"":""#artistsoninstagram""}, {""url"":""https://www.youtube.com/hashtag/musica"",""text"":""#musica""}, {""url"":""https://www.youtube.com/hashtag/musicvideo"",""text"":""#musicvideo""}, {""url"":""https://www.youtube.com/hashtag/musician"",""text"":""#musician""}, {""url"":""https://www.youtube.com/hashtag/newamharicmusic"",""text"":""#newamharicmusic""}, {""url"":""https://www.youtube.com/hashtag/newamharicmusic2025"",""text"":""#newamharicmusic2025""}, {""url"":""https://www.youtube.com/hashtag/kalkinnewmusicvideo"",""text"":""#kalkinnewmusicvideo""}, {""url"":""https://www.youtube.com/hashtag/%E1%89%83%E1%88%8D_%E1%8A%AA%E1%8A%95"",""text"":""#ቃል_ኪን""}, {""url"":""https://www.youtube.com/hashtag/%E1%8A%A0%E1%88%8D%E1%88%A8%E1%88%B3%E1%88%BD%E1%88%9D"",""text"":""#አልረሳሽም""}, {""url"":""https://www.youtube.com/hashtag/kalkinmusicvideo2025"",""text"":""#kalkinmusicvideo2025""}, {""url"":""https://www.youtube.com/hashtag/alresashimmusicvideo2025"",""text"":""#alresashimmusicvideo2025""}, {""url"":""https://www.youtube.com/hashtag/nahomfavorites"",""text"":""#nahomfavorites""}, {""url"":""https://www.youtube.com/hashtag/nahomrecords"",""text"":""#nahomrecords""}, {""url"":""https://www.youtube.com/hashtag/negarit"",""text"":""#negarit""}, {""url"":""https://www.youtube.com/hashtag/traditionalmusic"",""text"":""#Traditionalmusic""}, {""url"":""https://www.youtube.com/hashtag/ethiopia"",""text"":""#ethiopia""}, {""url"":""https://www.youtube.com/hashtag/ethiopianhistory"",""text"":""#ethiopianhistory""}, {""url"":""https://www.youtube.com/hashtag/addisababa"",""text"":""#addisababa""}, {""url"":""https://www.youtube.com/hashtag/lalibela"",""text"":""#lalibela""}, {""url"":""https://www.youtube.com/hashtag/tigrignamusic"",""text"":""#tigrignamusic""}, {""url"":""https://www.youtube.com/hashtag/amharamusic"",""text"":""#amharamusic""}, {""url"":""https://www.youtube.com/hashtag/oromomusic"",""text"":""#oromomusic""}, {""url"":""https://www.youtube.com/hashtag/amharicmusic2025"",""text"":""#amharicmusic2025""}, {""url"":""https://www.youtube.com/hashtag/eritreanmusic"",""text"":""#eritreanmusic""}, {""url"":""https://www.youtube.com/hashtag/eritreancomedy"",""text"":""#eritreancomedy""}, {""url"":""https://www.youtube.com/hashtag/ethiopiancomedy"",""text"":""#ethiopiancomedy""}, {""url"":""https://www.youtube.com/hashtag/ethiopiandrama"",""text"":""#ethiopiandrama""}, {""url"":""https://www.youtube.com/hashtag/ethiopianmodernmusic"",""text"":""#ethiopianmodernmusic""}, {""url"":""https://www.youtube.com/hashtag/%E1%8A%A0%E1%8B%B2%E1%88%B5_%E1%88%99%E1%8B%9A%E1%89%83"",""text"":""#አዲስ_ሙዚቃ""}, {""url"":""https://www.youtube.com/hashtag/ethiopianmovie"",""text"":""#ethiopianmovie""}, {""url"":""https://www.youtube.com/hashtag/habeshatiktok"",""text"":""#habeshatiktok""}, {""url"":""https://www.youtube.com/hashtag/ethiopiantiktok"",""text"":""#ethiopiantiktok""}, {""url"":""https://www.youtube.com/hashtag/ethiopianews"",""text"":""#ethiopianews""}, {""url"":""https://www.youtube.com/hashtag/ethiomereja"",""text"":""#ethiomereja""}, {""url"":""https://www.youtube.com/hashtag/ethiomedia"",""text"":""#ethiomedia""}, {""url"":""https://www.youtube.com/hashtag/mereja_today"",""text"":""#mereja_today""}, {""url"":""https://www.youtube.com/hashtag/ebs"",""text"":""#ebs""}, {""url"":""https://www.youtube.com/hashtag/ebsnews"",""text"":""#ebsnews""}, {""url"":""https://www.youtube.com/hashtag/kanatv"",""text"":""#kanatv""}, {""url"":""https://www.youtube.com/hashtag/artwork"",""text"":""#artwork""}, {""url"":""https://www.youtube.com/hashtag/altash"",""text"":""#altash""}, {""url"":""https://www.youtube.com/hashtag/eshi_kezias"",""text"":""#Eshi_Kezias""}, {""url"":""https://www.youtube.com/hashtag/derbabamusicvideo"",""text"":""#Derbabamusicvideo""}, {""url"":""https://www.youtube.com/hashtag/derbaba_music_video"",""text"":""#Derbaba_Music_Video""}, {""url"":""https://www.youtube.com/hashtag/musicvideo"",""text"":""#musicvideo""}, {""url"":""https://youtube.com/c/NahomRecordsincMusic"",""text"":""   / nahomrecordsincmusic  ""}, {""url"":""https://www.facebook.com/Nahomrec"",""text"":""  / nahomrec  ""}, {""url"":""https://www.tiktok.com/@nahom_record"",""text"":""  / nahom_record  ""}, {""url"":""https://t.me/nahomrecords"",""text"":""https://t.me/nahomrecords""}"
Kuku Sebsibe _ Dejazmach Album Nonstop | ደጃዝማች ሙሉ አልበም | New Ethiopian Music 2025,A9cp1bkIy9o,https://www.youtube.com/watch?v=A9cp1bkIy9o,479469,2025-05-09T13:00:06.000Z,6400,Kuku Sebsibe,https://www.youtube.com/@KukuSebsibe,117000,01:04:58,https://i.ytimg.com/vi/A9cp1bkIy9o/maxresdefault.jpg,,"{""url"":""https://www.youtube.com/watch?v=A9cp1bkIy9o"",""text"":""0:00""}, {""url"":""https://www.youtube.com/watch?v=A9cp1bkIy9o&t=340s"",""text"":""05:40""}, {""url"":""https://www.youtube.com/watch?v=A9cp1bkIy9o&t=621s"",""text"":""10:21""}, {""url"":""https://www.youtube.com/watch?v=A9cp1bkIy9o&t=862s"",""text"":""14:22""}, {""url"":""https://www.youtube.com/watch?v=A9cp1bkIy9o&t=1121s"",""text"":""18:41""}, {""url"":""https://www.youtube.com/watch?v=A9cp1bkIy9o&t=1439s"",""text"":""23:59""}, {""url"":""https://www.youtube.com/watch?v=A9cp1bkIy9o&t=1666s"",""text"":""27:46""}, {""url"":""https://www.youtube.com/watch?v=A9cp1bkIy9o&t=2007s"",""text"":""33:27""}, {""url"":""https://www.youtube.com/watch?v=A9cp1bkIy9o&t=2294s"",""text"":""38:14""}, {""url"":""https://www.youtube.com/watch?v=A9cp1bkIy9o&t=2516s"",""text"":""41:56""}, {""url"":""https://www.youtube.com/watch?v=A9cp1bkIy9o&t=2873s"",""text"":""47:53""}, {""url"":""https://www.youtube.com/watch?v=A9cp1bkIy9o&t=3134s"",""text"":""52:14""}, {""url"":""https://www.youtube.com/watch?v=A9cp1bkIy9o&t=3437s"",""text"":""57:17""}, {""url"":""https://www.facebook.com/kukusebsibeofficial"",""text"":""  / kukusebsibeofficial  ""}, {""url"":""https://www.instagram.com/kukusebsibeofficial/"",""text"":""  / kukusebsibeofficial  ""}, {""url"":""https://www.tiktok.com/@kuku_sebsibe"",""text"":""  / kuku_sebsibe  ""}, {""url"":""https://www.youtube.com/hashtag/album"",""text"":""#album""}, {""url"":""https://www.youtube.com/hashtag/ethiopia"",""text"":""#ethiopia""}, {""url"":""https://www.youtube.com/hashtag/kukusebsibe"",""text"":""#kukusebsibe""}, {""url"":""https://www.youtube.com/hashtag/dejazmach"",""text"":""#dejazmach""}, {""url"":""https://www.youtube.com/hashtag/teddy"",""text"":""#teddy""}, {""url"":""https://www.youtube.com/hashtag/teddyafro"",""text"":""#teddyafro""}, {""url"":""https://www.youtube.com/hashtag/habesha"",""text"":""#habesha""}, {""url"":""https://www.youtube.com/hashtag/kuku"",""text"":""#kuku""}"
Bisrat Surafel - Men Aseba New - ምን አስባ ነዉ (Official Music Video),9oTGPuQymJo,https://www.youtube.com/watch?v=9oTGPuQymJo,1137981,2025-05-06T15:00:17.000Z,15000,Bisrat Surafel,https://www.youtube.com/@BisratSurafelVEVO,40700,00:04:16,https://i.ytimg.com/vi/9oTGPuQymJo/maxresdefault.jpg,,
ማህሌት ወንድሙ -ዝም | Mahlet Wendimu - Zim  (Official Music Video 2025 ) #newmusicvideo,zbeyImmnaaQ,https://www.youtube.com/watch?v=zbeyImmnaaQ,5839909,2025-01-31T15:00:11.000Z,32000,Sewasew Multimedia,https://www.youtube.com/@sewasewmultimedia,255000,00:03:26,https://i.ytimg.com/vi/zbeyImmnaaQ/maxresdefault.jpg,,"{""url"":""https://www.youtube.com/hashtag/newmusicvideo"",""text"":""#newmusicvideo""}, {""url"":""https://onelink.to/mubp9y"",""text"":""https://onelink.to/mubp9y""}, {""url"":""https://www.tiktok.com/@sewasewmultimediaet"",""text"":""  / sewasewmultimediaet  ""}, {""url"":""https://www.facebook.com/sewasewmultimedia"",""text"":""  / sewasewmultimedia  ""}, {""url"":""https://www.instagram.com/sewasewmultimedia"",""text"":""  / sewasewmultimedia  ""}, {""url"":""https://www.linkedin.com/company/sewasew-multimedia"",""text"":""  / sewasew-multimedia  ""}, {""url"":""https://twitter.com/sewasewMmedia"",""text"":""  / sewasewmmedia  ""}, {""url"":""https://www.youtube.com/channel/UCmpvWO3dhqieY9TNdcFCYsw"",""text"":""   / @sewasewmultimedia  ""}, {""url"":""https://t.me/sewasewmultimedia"",""text"":""https://t.me/sewasewmultimedia""}, {""url"":""https://www.youtube.com/hashtag/mahletwendimu"",""text"":""#mahletwendimu""}, {""url"":""https://www.youtube.com/hashtag/sewasewmultimedia"",""text"":""#sewasewmultimedia""}, {""url"":""https://www.youtube.com/hashtag/eshiatelegnimwey"",""text"":""#eshiatelegnimwey""}, {""url"":""https://www.youtube.com/hashtag/creativity"",""text"":""#creativity""}, {""url"":""https://www.youtube.com/hashtag/ignitingcreativity"",""text"":""#ignitingcreativity""}, {""url"":""https://www.youtube.com/hashtag/creativeeconomy"",""text"":""#creativeeconomy""}, {""url"":""https://www.youtube.com/hashtag/newethiopianmusic"",""text"":""#newethiopianmusic""}, {""url"":""https://www.youtube.com/hashtag/ethiopianmusic"",""text"":""#ethiopianmusic""}, {""url"":""https://www.youtube.com/hashtag/ethiopianmusic"",""text"":""#ethiopianmusic""}, {""url"":""https://www.youtube.com/hashtag/nahomrecordsinc"",""text"":""#nahomrecordsinc""}, {""url"":""https://www.youtube.com/hashtag/veronicaadane"",""text"":""#veronicaadane""}, {""url"":""https://www.youtube.com/hashtag/abebaye"",""text"":""#abebaye""}, {""url"":""https://www.youtube.com/hashtag/%E1%89%A0%E1%8A%A9%E1%88%A8%E1%8A%A0%E1%88%9B%E1%8A%91%E1%8A%A4%E1%88%8D_%E1%8B%A8%E1%88%9B%E1%8A%90"",""text"":""#በኩረአማኑኤል_የማነ""}, {""url"":""https://www.youtube.com/hashtag/%E1%8B%98%E1%8B%8D%E1%8B%B5_%E1%8A%A0%E1%88%88%E1%88%9C%E1%8A%95"",""text"":""#ዘውድ_አለሜን""}, {""url"":""https://www.youtube.com/hashtag/%E1%89%AC%E1%88%AE%E1%8A%92%E1%8A%AB_%E1%8A%A0%E1%8B%B3%E1%8A%90"",""text"":""#ቬሮኒካ_አዳነ""}, {""url"":""https://www.youtube.com/hashtag/%E1%8A%A0%E1%89%A0%E1%89%A3%E1%8B%AC"",""text"":""#አበባዬ""}, {""url"":""https://www.youtube.com/hashtag/music"",""text"":""#music""}, {""url"":""https://www.youtube.com/hashtag/musica"",""text"":""#musica""}, {""url"":""https://www.youtube.com/hashtag/musicvideo"",""text"":""#musicvideo""}, {""url"":""https://www.youtube.com/hashtag/artist"",""text"":""#artist""}, {""url"":""https://www.youtube.com/hashtag/ethiopianartist"",""text"":""#ethiopianartist""}, {""url"":""https://www.youtube.com/hashtag/veronicaadanenewmusicvideo2023"",""text"":""#veronicaadanenewmusicvideo2023""}, {""url"":""https://www.youtube.com/hashtag/veronicaadanebestmusicvideo"",""text"":""#veronicaadanebestmusicvideo""}, {""url"":""https://www.youtube.com/hashtag/ethiopia"",""text"":""#ethiopia""}, {""url"":""https://www.youtube.com/hashtag/nahomrecords"",""text"":""#nahomrecords""}, {""url"":""https://www.youtube.com/hashtag/guragignadance"",""text"":""#Guragignadance""}, {""url"":""https://www.youtube.com/hashtag/%E1%8A%A5%E1%8A%95%E1%8B%B0%E1%88%BB%E1%8B%8D_%E1%88%9E%E1%8C%88%E1%88%B5"",""text"":""#እንደሻው_ሞገስ""}, {""url"":""https://www.youtube.com/hashtag/guragecultuer"",""text"":""#Guragecultuer""}, {""url"":""https://www.youtube.com/hashtag/guragugnatraditionalmusic"",""text"":""#Guragugnatraditionalmusic""}, {""url"":""https://www.youtube.com/hashtag/argawbedaso"",""text"":""#Argawbedaso""}, {""url"":""https://www.youtube.com/hashtag/ethiopianmusic"",""text"":""#ethiopianmusic""}, {""url"":""https://www.youtube.com/hashtag/ethiopian"",""text"":""#ethiopian""}, {""url"":""https://www.youtube.com/hashtag/ethiopia"",""text"":""#ethiopia""}, {""url"":""https://www.youtube.com/hashtag/habesha"",""text"":""#habesha""}, {""url"":""https://www.youtube.com/hashtag/ethiopianwomen"",""text"":""#ethiopianwomen""}, {""url"":""https://www.youtube.com/hashtag/habeshabeauty"",""text"":""#habeshabeauty""}, {""url"":""https://www.youtube.com/hashtag/addisababa"",""text"":""#addisababa""}, {""url"":""https://www.youtube.com/hashtag/ethiopianfood"",""text"":""#ethiopianfood""}, {""url"":""https://www.youtube.com/hashtag/habeshafashion"",""text"":""#habeshafashion""}, {""url"":""https://www.youtube.com/hashtag/habeshawedding"",""text"":""#habeshawedding""}, {""url"":""https://www.youtube.com/hashtag/eritrean"",""text"":""#eritrean""}, {""url"":""https://www.youtube.com/hashtag/ethio"",""text"":""#ethio""}, {""url"":""https://www.youtube.com/hashtag/eritrea"",""text"":""#eritrea""}, {""url"":""https://www.youtube.com/hashtag/habeshastyle"",""text"":""#habeshastyle""}, {""url"":""https://www.youtube.com/hashtag/habeshakemis"",""text"":""#habeshakemis""}, {""url"":""https://www.youtube.com/hashtag/habeshadress"",""text"":""#habeshadress""}, {""url"":""https://www.youtube.com/hashtag/africa"",""text"":""#africa""}, {""url"":""https://www.youtube.com/hashtag/ethiopians"",""text"":""#ethiopians""}, {""url"":""https://www.youtube.com/hashtag/ethiopiancoffee"",""text"":""#ethiopiancoffee""}, {""url"":""https://www.youtube.com/hashtag/habeshagirl"",""text"":""#habeshagirl""}, {""url"":""https://www.youtube.com/hashtag/ethiopianmusic"",""text"":""#ethiopianmusic""}, {""url"":""https://www.youtube.com/hashtag/habeshaqueens"",""text"":""#habeshaqueens""}, {""url"":""https://www.youtube.com/hashtag/addisabeba"",""text"":""#addisabeba""}, {""url"":""https://www.youtube.com/hashtag/habeshabrides"",""text"":""#habeshabrides""}, {""url"":""https://www.youtube.com/hashtag/reviewethio"",""text"":""#reviewethio""}, {""url"":""https://www.youtube.com/hashtag/amharic"",""text"":""#amharic""}, {""url"":""https://www.youtube.com/hashtag/habeshamemes"",""text"":""#habeshamemes""}, {""url"":""https://www.youtube.com/hashtag/love"",""text"":""#love""}, {""url"":""https://www.youtube.com/hashtag/african"",""text"":""#african""}, {""url"":""https://www.youtube.com/hashtag/oromo"",""text"":""#oromo""}, {""url"":""https://www.youtube.com/hashtag/ethiopianwedding"",""text"":""#ethiopianwedding""}, {""url"":""https://www.youtube.com/hashtag/ethiopianmusic"",""text"":""#ethiopianmusic""}, {""url"":""https://www.youtube.com/hashtag/ethiopianmovie"",""text"":""#ethiopianmovie""}, {""url"":""https://www.youtube.com/hashtag/habsha"",""text"":""#habsha""}, {""url"":""https://www.youtube.com/hashtag/ethiopia"",""text"":""#ethiopia""}, {""url"":""https://www.youtube.com/hashtag/ethiopiamusic"",""text"":""#ethiopiamusic""}, {""url"":""https://www.youtube.com/hashtag/ethiopia"",""text"":""#ethiopia""}, {""url"":""https://www.youtube.com/hashtag/ethiopiamusic"",""text"":""#ethiopiamusic""}, {""url"":""https://www.youtube.com/hashtag/ertria"",""text"":""#ertria""}, {""url"":""https://www.youtube.com/hashtag/ertriamusic"",""text"":""#ertriamusic""}, {""url"":""https://www.youtube.com/hashtag/culture"",""text"":""#culture""}, {""url"":""https://www.youtube.com/hashtag/habshatiktok"",""text"":""#habshatiktok""}, {""url"":""https://www.youtube.com/hashtag/habsselfie"",""text"":""#habsselfie""}, {""url"":""https://www.youtube.com/hashtag/jamaica"",""text"":""#jamaica""}, {""url"":""https://www.youtube.com/hashtag/facebook"",""text"":""#facebook""}, {""url"":""https://www.youtube.com/hashtag/tiktokethiopia"",""text"":""#tiktokethiopia""}, {""url"":""https://www.youtube.com/hashtag/onelove"",""text"":""#onelove""}, {""url"":""https://www.youtube.com/hashtag/%E1%8A%A2%E1%89%B5%E1%8B%AE%E1%8C%B5%E1%8B%AB%E1%8B%AC"",""text"":""#ኢትዮጵያዬ""}, {""url"":""https://www.youtube.com/hashtag/%E1%88%80%E1%89%A0%E1%88%BB"",""text"":""#ሀበሻ""}, {""url"":""https://www.youtube.com/hashtag/loveyou"",""text"":""#loveyou""}, {""url"":""https://www.youtube.com/hashtag/ethiopianculture"",""text"":""#ethiopianculture""}, {""url"":""https://www.youtube.com/hashtag/habesha"",""text"":""#habesha""}, {""url"":""https://www.youtube.com/hashtag/blakestar"",""text"":""#blakestar""}, {""url"":""https://www.youtube.com/hashtag/brothers"",""text"":""#brothers""}, {""url"":""https://www.youtube.com/hashtag/habshaartistn"",""text"":""#habshaartistn""}, {""url"":""https://www.youtube.com/hashtag/michaelbelayneh"",""text"":""#michaelbelayneh""}, {""url"":""https://www.youtube.com/hashtag/habshamusic"",""text"":""#habshamusic""}, {""url"":""https://www.youtube.com/hashtag/butfirstcoffee"",""text"":""#butfirstcoffee""}, {""url"":""https://www.youtube.com/hashtag/cultura"",""text"":""#cultura""}, {""url"":""https://www.youtube.com/hashtag/loveislove"",""text"":""#loveislove""}, {""url"":""https://www.youtube.com/hashtag/boystyle"",""text"":""#boystyle""}, {""url"":""https://www.youtube.com/hashtag/lovestory"",""text"":""#lovestory""}, {""url"":""https://www.youtube.com/hashtag/man"",""text"":""#man""}, {""url"":""https://www.youtube.com/hashtag/ethiopianmusic"",""text"":""#ethiopianmusic""}, {""url"":""https://www.youtube.com/hashtag/ethiopian"",""text"":""#Ethiopian""}, {""url"":""https://www.youtube.com/hashtag/music"",""text"":""#Music""}, {""url"":""https://www.youtube.com/hashtag/ethiopianmusic"",""text"":""#ethiopianmusic""}, {""url"":""https://www.youtube.com/hashtag/amharicmusic"",""text"":""#amharicmusic""}, {""url"":""https://www.youtube.com/hashtag/dagi_d"",""text"":""#dagi_d""}, {""url"":""https://www.youtube.com/hashtag/newmusic"",""text"":""#newmusic""}, {""url"":""https://www.youtube.com/hashtag/%E1%8A%A2%E1%89%B5%E1%8B%AE%E1%8C%B5%E1%8B%AB_%E1%88%99%E1%8B%9A%E1%89%83"",""text"":""#ኢትዮጵያ_ሙዚቃ""}, {""url"":""https://www.youtube.com/hashtag/%E1%8B%B3%E1%8C%8A_%E1%8B%B2"",""text"":""#ዳጊ_ዲ""}, {""url"":""https://www.youtube.com/hashtag/%E1%89%A3%E1%8B%AD%E1%88%BD"",""text"":""#ባይሽ""}, {""url"":""https://www.youtube.com/hashtag/ethiopiannews"",""text"":""#ethiopiannews""}, {""url"":""https://www.youtube.com/hashtag/ethiopianmovie"",""text"":""#ethiopianmovie""}, {""url"":""https://www.youtube.com/hashtag/ethiopiancomedy"",""text"":""#ethiopiancomedy""}, {""url"":""https://www.youtube.com/hashtag/ethiopianclassicalmusic"",""text"":""#ethiopianclassicalmusic""}, {""url"":""https://www.youtube.com/hashtag/ethiopiandrama"",""text"":""#ethiopiandrama""}, {""url"":""https://www.youtube.com/hashtag/%E1%8A%93%E1%88%86%E1%88%9D_%E1%88%AC%E1%8A%A8%E1%88%AD%E1%8B%B5%E1%88%B5"",""text"":""#ናሆም_ሬከርድስ""}, {""url"":""https://www.youtube.com/hashtag/nahomrecords"",""text"":""#nahomrecords""}, {""url"":""https://www.youtube.com/hashtag/nahomfavorite"",""text"":""#nahomfavorite""}, {""url"":""https://www.youtube.com/hashtag/habeshachewata"",""text"":""#habeshachewata""}, {""url"":""https://www.youtube.com/hashtag/habeshadance"",""text"":""#habeshadance""}, {""url"":""https://www.youtube.com/hashtag/eskista"",""text"":""#eskista""}, {""url"":""https://www.youtube.com/hashtag/newmusicvideo"",""text"":""#Newmusicvideo""}, {""url"":""https://www.youtube.com/hashtag/ethiopia"",""text"":""#ethiopia""}, {""url"":""https://www.youtube.com/hashtag/ethiopianhistory"",""text"":""#ethiopianhistory""}, {""url"":""https://www.youtube.com/hashtag/eritreanmusic"",""text"":""#eritreanmusic""}, {""url"":""https://www.youtube.com/hashtag/tigrignamusic"",""text"":""#tigrignamusic""}, {""url"":""https://www.youtube.com/hashtag/oromomusic2022"",""text"":""#oromomusic2022""}, {""url"":""https://www.youtube.com/hashtag/ebs"",""text"":""#ebs""}, {""url"":""https://www.youtube.com/hashtag/ebsnews"",""text"":""#ebsnews""}, {""url"":""https://www.youtube.com/hashtag/today"",""text"":""#today""}, {""url"":""https://www.youtube.com/hashtag/kanatv"",""text"":""#kanatv""}, {""url"":""https://www.youtube.com/hashtag/etvnews"",""text"":""#etvnews""}, {""url"":""https://www.youtube.com/hashtag/ethio360"",""text"":""#ethio360""}, {""url"":""https://www.youtube.com/hashtag/abiyahmed"",""text"":""#abiyahmed""}, {""url"":""https://www.youtube.com/hashtag/habeshaunity"",""text"":""#habeshaunity""}, {""url"":""https://www.youtube.com/hashtag/habesha"",""text"":""#habesha""}, {""url"":""https://www.youtube.com/hashtag/ethiopiamusic"",""text"":""#ethiopiamusic""}, {""url"":""https://www.youtube.com/hashtag/elatv"",""text"":""#elatv""}, {""url"":""https://www.youtube.com/hashtag/jegna"",""text"":""#Jegna""}, {""url"":""https://www.youtube.com/hashtag/eyayu"",""text"":""#Eyayu""}, {""url"":""https://www.youtube.com/hashtag/mastewal"",""text"":""#mastewal""}, {""url"":""https://www.youtube.com/hashtag/eyayu"",""text"":""#eyayu""}, {""url"":""https://www.youtube.com/hashtag/%E1%8C%80%E1%8C%8D%E1%8A%93"",""text"":""#ጀግና""}, {""url"":""https://www.youtube.com/hashtag/mastewaleyayu"",""text"":""#mastewaleyayu""}, {""url"":""https://www.youtube.com/hashtag/newmusic"",""text"":""#newmusic""}, {""url"":""https://www.youtube.com/hashtag/mastewaleyayu"",""text"":""#mastewaleyayu""}, {""url"":""https://www.youtube.com/hashtag/mastewaleyayu"",""text"":""#mastewaleyayu""}, {""url"":""https://www.youtube.com/hashtag/jegna"",""text"":""#jegna""}, {""url"":""https://www.youtube.com/hashtag/ethiopianmusic"",""text"":""#ethiopianmusic""}, {""url"":""https://www.youtube.com/hashtag/newethiopianmusic2022"",""text"":""#newethiopianmusic2022""}, {""url"":""https://www.youtube.com/hashtag/ethiopianmusic2023"",""text"":""#ethiopianmusic2023""}, {""url"":""https://www.youtube.com/hashtag/newethiopianmusic2024"",""text"":""#newethiopianmusic2024""}, {""url"":""https://www.youtube.com/hashtag/thisweek"",""text"":""#thisweek""}, {""url"":""https://www.youtube.com/hashtag/teddyafro"",""text"":""#teddyafro""}, {""url"":""https://www.youtube.com/hashtag/rophnan"",""text"":""#rophnan""}, {""url"":""https://www.youtube.com/hashtag/oromomusic"",""text"":""#oromomusic""}, {""url"":""https://www.youtube.com/hashtag/tigray"",""text"":""#tigray""}, {""url"":""https://www.youtube.com/hashtag/esubalewyetayew"",""text"":""#esubalewyetayew""}, {""url"":""https://www.youtube.com/hashtag/kalkin"",""text"":""#Kalkin""}, {""url"":""https://www.youtube.com/hashtag/eritreanmusic"",""text"":""#eritreanmusic""}, {""url"":""https://www.youtube.com/hashtag/neweritreanmusic2023"",""text"":""#neweritreanmusic2023""}, {""url"":""https://www.youtube.com/hashtag/eritreanmusic2022"",""text"":""#eritreanmusic2022""}, {""url"":""https://www.youtube.com/hashtag/new"",""text"":""#new""}, {""url"":""https://www.youtube.com/hashtag/addiszefen"",""text"":""#addiszefen""}, {""url"":""https://www.youtube.com/hashtag/zefen"",""text"":""#zefen""}, {""url"":""https://www.youtube.com/hashtag/ethiopianmusic2022"",""text"":""#ethiopianmusic2022""}, {""url"":""https://www.youtube.com/hashtag/eskista"",""text"":""#eskista""}, {""url"":""https://www.youtube.com/hashtag/eskistamusic"",""text"":""#eskistamusic""}, {""url"":""https://www.youtube.com/hashtag/ethiosong"",""text"":""#ethiosong""}, {""url"":""https://www.youtube.com/hashtag/habeshamusic"",""text"":""#habeshamusic""}, {""url"":""https://www.youtube.com/hashtag/ethiomusic"",""text"":""#ethiomusic""}, {""url"":""https://www.youtube.com/hashtag/ethiopianmusic"",""text"":""#ethiopianmusic""}, {""url"":""https://www.youtube.com/hashtag/habesha"",""text"":""#habesha""}, {""url"":""https://www.youtube.com/hashtag/ethiotiktok"",""text"":""#Ethiotiktok""}, {""url"":""https://www.youtube.com/hashtag/besttiktok"",""text"":""#besttiktok""}, {""url"":""https://www.youtube.com/hashtag/ethiopiantiktoker"",""text"":""#Ethiopiantiktoker""}, {""url"":""https://www.youtube.com/hashtag/funny"",""text"":""#funny""}, {""url"":""https://www.youtube.com/hashtag/funnyvideos"",""text"":""#funnyvideos""}, {""url"":""https://www.youtube.com/hashtag/ethiopianfunnyvideo"",""text"":""#Ethiopianfunnyvideo""}, {""url"":""https://www.youtube.com/hashtag/fun"",""text"":""#fun""}, {""url"":""https://www.youtube.com/hashtag/bestfunnyvideo"",""text"":""#bestfunnyvideo""}, {""url"":""https://www.youtube.com/hashtag/%E1%88%98%E1%8B%9D%E1%8A%93%E1%8A%9B"",""text"":""#መዝናኛ""}, {""url"":""https://www.youtube.com/hashtag/%E1%8A%A0%E1%88%B5%E1%89%82%E1%8A%9D"",""text"":""#አስቂኝ""}, {""url"":""https://www.youtube.com/hashtag/%E1%8A%A0%E1%8B%9D%E1%8A%93%E1%8A%9D"",""text"":""#አዝናኝ""}, {""url"":""https://www.youtube.com/hashtag/%E1%89%A0%E1%88%B5%E1%8A%95%E1%89%B1"",""text"":""#በስንቱ""}, {""url"":""https://www.youtube.com/hashtag/%E1%8A%A0%E1%8A%95%E1%89%B1%E1%8A%A8%E1%8A%95%E1%89%B1"",""text"":""#አንቱከንቱ""}, {""url"":""https://www.youtube.com/hashtag/viraltiktok"",""text"":""#Viraltiktok""}, {""url"":""https://www.youtube.com/hashtag/tiktok"",""text"":""#Tiktok""}, {""url"":""https://www.youtube.com/hashtag/tiktokvideo"",""text"":""#tiktokvideo""}, {""url"":""https://www.youtube.com/hashtag/ethiopiantiktok"",""text"":""#Ethiopiantiktok""}, {""url"":""https://www.youtube.com/hashtag/amharictiktok"",""text"":""#Amharictiktok""}, {""url"":""https://www.youtube.com/hashtag/ethiopianviraltiktokvideo"",""text"":""#Ethiopianviraltiktokvideo""}, {""url"":""https://www.youtube.com/hashtag/safari"",""text"":""#safari""}, {""url"":""https://www.youtube.com/hashtag/safaricom"",""text"":""#safaricom""}, {""url"":""https://www.youtube.com/hashtag/safaricom"",""text"":""#safaricom""}, {""url"":""https://www.youtube.com/hashtag/ethiopia"",""text"":""#Ethiopia""}, {""url"":""https://www.youtube.com/hashtag/ethiopia"",""text"":""#Ethiopia""}, {""url"":""https://www.youtube.com/hashtag/abelbrhanu"",""text"":""#Abelbrhanu""}, {""url"":""https://www.youtube.com/hashtag/abelbrhanu2"",""text"":""#abelbrhanu2""}, {""url"":""https://www.youtube.com/hashtag/abel2"",""text"":""#abel2""}, {""url"":""https://www.youtube.com/hashtag/denklijoch"",""text"":""#denklijoch""}, {""url"":""https://www.youtube.com/hashtag/dinklijoch"",""text"":""#dinklijoch""}, {""url"":""https://www.youtube.com/hashtag/dinklijoch"",""text"":""#Dinklijoch""}, {""url"":""https://www.youtube.com/hashtag/besintu"",""text"":""#besintu""}, {""url"":""https://www.youtube.com/hashtag/ethiotiktok"",""text"":""#ethiotiktok""}, {""url"":""https://www.youtube.com/hashtag/memrecords"",""text"":""#memrecords""}, {""url"":""https://www.youtube.com/hashtag/bekureamanuelyemane"",""text"":""#Bekureamanuelyemane""}, {""url"":""https://www.youtube.com/hashtag/zewd_alemen"",""text"":""#Zewd_alemen""}, {""url"":""https://www.youtube.com/hashtag/%E1%89%A0%E1%8A%A9%E1%88%A8%E1%8A%A0%E1%88%9B%E1%8A%91%E1%8A%A4%E1%88%8D_%E1%8B%A8"",""text"":""#በኩረአማኑኤል_የ""}, {""url"":""https://www.youtube.com/hashtag/seifuonebs"",""text"":""#seifuonebs""}, {""url"":""https://www.youtube.com/hashtag/seifufantahun"",""text"":""#seifufantahun""}, {""url"":""https://www.youtube.com/hashtag/mahletebs"",""text"":""#mahletebs""}, {""url"":""https://www.youtube.com/hashtag/wellogeragerumahlet"",""text"":""#wellogeragerumahlet""}, {""url"":""https://www.youtube.com/hashtag/veronica"",""text"":""#veronica""}, {""url"":""https://www.youtube.com/hashtag/lijmichael"",""text"":""#lijmichael""}, {""url"":""https://www.youtube.com/hashtag/lijmichaelfaf"",""text"":""#lijmichaelfaf""}, {""url"":""https://www.youtube.com/hashtag/ethiopiannewmusicvideo"",""text"":""#ethiopiannewmusicvideo""}, {""url"":""https://www.youtube.com/hashtag/fikiraddisnekatibeb"",""text"":""#fikiraddisnekatibeb""}, {""url"":""https://www.youtube.com/hashtag/seifuonebs"",""text"":""#seifuonebs""}, {""url"":""https://www.youtube.com/hashtag/teddyafro"",""text"":""#teddyafro""}, {""url"":""https://www.youtube.com/hashtag/mahieyu"",""text"":""#mahieyu""}, {""url"":""https://www.youtube.com/hashtag/andualemgosa"",""text"":""#andualemgosa""}, {""url"":""https://www.youtube.com/hashtag/abdukiar"",""text"":""#abdukiar""}, {""url"":""https://www.youtube.com/hashtag/abdukiarmusic"",""text"":""#abdukiarmusic""}, {""url"":""https://www.youtube.com/hashtag/hannagirma"",""text"":""#hannagirma""}, {""url"":""https://www.youtube.com/hashtag/michaelbelaynehnewmusicvideo"",""text"":""#michaelbelaynehnewmusicvideo""}, {""url"":""https://www.youtube.com/hashtag/gosayetesfaye"",""text"":""#gosayetesfaye""}, {""url"":""https://www.youtube.com/hashtag/%E1%8B%AB%E1%88%AC%E1%8B%B5%E1%8A%90%E1%8C%89"",""text"":""#ያሬድነጉ""}, {""url"":""https://www.youtube.com/hashtag/yarednegu"",""text"":""#yarednegu""}, {""url"":""https://www.youtube.com/hashtag/yohana"",""text"":""#yohana""}, {""url"":""https://www.youtube.com/hashtag/yohananewalbum"",""text"":""#yohananewalbum""}, {""url"":""https://www.youtube.com/hashtag/alemayehuhirpo"",""text"":""#alemayehuhirpo""}, {""url"":""https://www.youtube.com/hashtag/eliasmelka"",""text"":""#eliasmelka""}, {""url"":""https://www.youtube.com/hashtag/dagmawiali"",""text"":""#dagmawiali""}, {""url"":""https://www.youtube.com/hashtag/hannagirma"",""text"":""#hannagirma""}, {""url"":""https://www.youtube.com/hashtag/minmeseleh"",""text"":""#minmeseleh""}, {""url"":""https://www.youtube.com/hashtag/%E1%88%83%E1%8A%93%E1%8C%8D%E1%88%AD%E1%88%9B"",""text"":""#ሃናግርማ""}, {""url"":""https://www.youtube.com/hashtag/%E1%88%9D%E1%8A%95%E1%88%98%E1%88%B0%E1%88%88%E1%88%85"",""text"":""#ምንመሰለህ""}"
Yeshi Demelash - Wub Sew Non Stop | ሙሉ አልበም - New Ethiopian Music 2025 (All Track),dx--_AiSnK8,https://www.youtube.com/watch?v=dx--_AiSnK8,139080,2025-05-11T12:31:25.000Z,0,Yeshi Demelash,https://www.youtube.com/@YeshiDemelashofficial,32300,00:46:33,https://i.ytimg.com/vi/dx--_AiSnK8/hqdefault.jpg,,"{""url"":""https://www.youtube.com/hashtag/wubsew"",""text"":""#WubSew""}, {""url"":""https://www.youtube.com/hashtag/yeshidemelash"",""text"":""#YeshiDemelash""}, {""url"":""https://www.youtube.com/hashtag/ethiopianmusic"",""text"":""#Ethiopianmusic""}"
Mak Ezra - Tewehade - ማክ እዝራ - ተወሓደ - New Tigrigna music 2025 (Official Video),e6vSKh9hiBU,https://www.youtube.com/watch?v=e6vSKh9hiBU,4242586,2025-05-09T15:00:07.000Z,64000,Nahom Records Inc,https://www.youtube.com/@NahomRecordsIncMusic,2110000,00:05:50,https://i.ytimg.com/vi/e6vSKh9hiBU/maxresdefault.jpg,,"{""url"":""https://www.youtube.com/hashtag/ethiopianmusic"",""text"":""#ethiopianmusic""}, {""url"":""https://www.youtube.com/hashtag/nahomrecordsinc"",""text"":""#nahomrecordsinc""}, {""url"":""https://www.youtube.com/hashtag/make_ezra"",""text"":""#Make_Ezra""}, {""url"":""https://www.youtube.com/hashtag/tewehade"",""text"":""#Tewehade""}, {""url"":""https://www.youtube.com/hashtag/mizan"",""text"":""#Mizan""}, {""url"":""https://www.youtube.com/hashtag/amanuel_yemane"",""text"":""#amanuel_yemane""}, {""url"":""https://www.youtube.com/hashtag/nahomrecords"",""text"":""#nahomrecords""}, {""url"":""https://www.youtube.com/hashtag/tigrignamusic"",""text"":""#tigrignamusic""}, {""url"":""https://www.youtube.com/hashtag/niskila"",""text"":""#Niskila""}, {""url"":""https://www.youtube.com/hashtag/tigrignasong"",""text"":""#Tigrignasong""}, {""url"":""https://www.youtube.com/hashtag/amharicmusic"",""text"":""#amharicmusic""}, {""url"":""https://www.youtube.com/hashtag/eritreanmusic"",""text"":""#eritreanmusic""}, {""url"":""https://www.youtube.com/hashtag/abreham_gebremedhin"",""text"":""#Abreham_Gebremedhin""}, {""url"":""https://www.youtube.com/hashtag/efrem_amare"",""text"":""#Efrem_Amare""}, {""url"":""https://www.youtube.com/hashtag/tigray_music"",""text"":""#tigray_music""}, {""url"":""https://www.youtube.com/hashtag/axum"",""text"":""#axum""}, {""url"":""https://www.youtube.com/hashtag/selamawit_yohannes"",""text"":""#selamawit_yohannes""}, {""url"":""https://www.youtube.com/hashtag/eden_gebreselassie"",""text"":""#eden_gebreselassie""}, {""url"":""https://www.youtube.com/hashtag/tewehademusicvideo"",""text"":""#Tewehademusicvideo""}, {""url"":""https://www.youtube.com/hashtag/makeezramusicvideo"",""text"":""#Makeezramusicvideo""}, {""url"":""https://youtube.com/c/NahomRecordsincMusic"",""text"":""   / nahomrecordsincmusic  ""}, {""url"":""https://www.facebook.com/Nahomrec"",""text"":""  / nahomrec  ""}, {""url"":""https://www.tiktok.com/@nahom_record"",""text"":""  / nahom_record  ""}, {""url"":""https://t.me/nahomrecords"",""text"":""https://t.me/nahomrecords""}"
"DJ LUNAሉና ETHIOPIAN MUSIC MIX VOL 3(90s,AFROBEAT,AMAPIANO,OROMO,AMHARA,GURAGIGNA-WOLAYTA-TIGRGNA)DMV",Rl-OiDXLnNM,https://www.youtube.com/watch?v=Rl-OiDXLnNM,1226724,2025-04-20T10:00:06.000Z,18000,DJ LUNA ሉና,https://www.youtube.com/@dj_lunaa,50500,01:11:36,https://i.ytimg.com/vi/Rl-OiDXLnNM/maxresdefault.jpg,,"{""url"":""https://sarecord.com/products/oversized-faded-t-shirt"",""text"":""https://sarecord.com/products/oversiz...""}, {""url"":""https://hypeddit.com/djluna/vol3mix"",""text"":""https://hypeddit.com/djluna/vol3mix""}, {""url"":""https://www.youtube.com/playlist?list=PLfeYkL1mJ8-eHCyPJ3ysrGuKdk81WL1NQ"",""text"":""   • REMIXES  ""}, {""url"":""https://www.youtube.com/@Djsoraprince"",""text"":""‪@Djsoraprince‬""}, {""url"":""https://www.youtube.com/@Dj_Nikoo"",""text"":""‪@Dj_Nikoo‬""}, {""url"":""https://www.youtube.com/@naolahadu"",""text"":""‪@naolahadu‬""}, {""url"":""https://www.youtube.com/@DEEJAY_FREDDY"",""text"":""‪@DEEJAY_FREDDY‬""}, {""url"":""https://www.youtube.com/@Djsoraprince"",""text"":""‪@Djsoraprince‬""}, {""url"":""https://www.youtube.com/watch?v=Rl-OiDXLnNM"",""text"":""0:00""}, {""url"":""https://www.youtube.com/watch?v=Rl-OiDXLnNM&t=138s"",""text"":""2:18""}, {""url"":""https://www.youtube.com/watch?v=Rl-OiDXLnNM&t=138s"",""text"":""2:18""}, {""url"":""https://www.youtube.com/watch?v=Rl-OiDXLnNM&t=252s"",""text"":""4:12""}, {""url"":""https://www.youtube.com/watch?v=Rl-OiDXLnNM&t=252s"",""text"":""4:12""}, {""url"":""https://www.youtube.com/watch?v=Rl-OiDXLnNM&t=311s"",""text"":""5:11""}, {""url"":""https://www.youtube.com/watch?v=Rl-OiDXLnNM&t=311s"",""text"":""5:11""}, {""url"":""https://www.youtube.com/watch?v=Rl-OiDXLnNM&t=393s"",""text"":""6:33""}, {""url"":""https://www.youtube.com/watch?v=Rl-OiDXLnNM&t=393s"",""text"":""6:33""}, {""url"":""https://www.youtube.com/watch?v=Rl-OiDXLnNM&t=505s"",""text"":""8:25""}, {""url"":""https://www.youtube.com/watch?v=Rl-OiDXLnNM&t=505s"",""text"":""8:25""}, {""url"":""https://www.youtube.com/watch?v=Rl-OiDXLnNM&t=613s"",""text"":""10:13""}, {""url"":""https://www.youtube.com/watch?v=Rl-OiDXLnNM&t=613s"",""text"":""10:13""}, {""url"":""https://www.youtube.com/watch?v=Rl-OiDXLnNM&t=720s"",""text"":""12:00""}, {""url"":""https://www.youtube.com/watch?v=Rl-OiDXLnNM&t=720s"",""text"":""12:00""}, {""url"":""https://www.youtube.com/watch?v=Rl-OiDXLnNM&t=819s"",""text"":""13:39""}, {""url"":""https://www.youtube.com/watch?v=Rl-OiDXLnNM&t=819s"",""text"":""13:39""}, {""url"":""https://www.youtube.com/watch?v=Rl-OiDXLnNM&t=859s"",""text"":""14:19""}, {""url"":""https://www.youtube.com/watch?v=Rl-OiDXLnNM&t=859s"",""text"":""14:19""}, {""url"":""https://www.youtube.com/watch?v=Rl-OiDXLnNM&t=929s"",""text"":""15:29""}, {""url"":""https://www.youtube.com/watch?v=Rl-OiDXLnNM&t=929s"",""text"":""15:29""}, {""url"":""https://www.youtube.com/watch?v=Rl-OiDXLnNM&t=1038s"",""text"":""17:18""}, {""url"":""https://www.youtube.com/watch?v=Rl-OiDXLnNM&t=1038s"",""text"":""17:18""}, {""url"":""https://www.youtube.com/watch?v=Rl-OiDXLnNM&t=1177s"",""text"":""19:37""}, {""url"":""https://www.youtube.com/watch?v=Rl-OiDXLnNM&t=1177s"",""text"":""19:37""}, {""url"":""https://www.youtube.com/watch?v=Rl-OiDXLnNM&t=1352s"",""text"":""22:32""}, {""url"":""https://www.youtube.com/watch?v=Rl-OiDXLnNM&t=1352s"",""text"":""22:32""}, {""url"":""https://www.youtube.com/watch?v=Rl-OiDXLnNM&t=1466s"",""text"":""24:26""}, {""url"":""https://www.youtube.com/watch?v=Rl-OiDXLnNM&t=1466s"",""text"":""24:26""}, {""url"":""https://www.youtube.com/watch?v=Rl-OiDXLnNM&t=1572s"",""text"":""26:12""}, {""url"":""https://www.youtube.com/watch?v=Rl-OiDXLnNM&t=1572s"",""text"":""26:12""}, {""url"":""https://www.youtube.com/watch?v=Rl-OiDXLnNM&t=1633s"",""text"":""27:13""}, {""url"":""https://www.youtube.com/watch?v=Rl-OiDXLnNM&t=1633s"",""text"":""27:13""}, {""url"":""https://www.youtube.com/watch?v=Rl-OiDXLnNM&t=1731s"",""text"":""28:51""}, {""url"":""https://www.youtube.com/watch?v=Rl-OiDXLnNM&t=1731s"",""text"":""28:51""}, {""url"":""https://www.youtube.com/watch?v=Rl-OiDXLnNM&t=1813s"",""text"":""30:13""}, {""url"":""https://www.youtube.com/watch?v=Rl-OiDXLnNM&t=1813s"",""text"":""30:13""}, {""url"":""https://www.youtube.com/watch?v=Rl-OiDXLnNM&t=1906s"",""text"":""31:46""}, {""url"":""https://www.youtube.com/watch?v=Rl-OiDXLnNM&t=1906s"",""text"":""31:46""}, {""url"":""https://www.youtube.com/watch?v=Rl-OiDXLnNM&t=1984s"",""text"":""33:04""}, {""url"":""https://www.youtube.com/watch?v=Rl-OiDXLnNM&t=1984s"",""text"":""33:04""}, {""url"":""https://www.youtube.com/watch?v=Rl-OiDXLnNM&t=2191s"",""text"":""36:31""}, {""url"":""https://www.youtube.com/watch?v=Rl-OiDXLnNM&t=2191s"",""text"":""36:31""}, {""url"":""https://www.youtube.com/watch?v=Rl-OiDXLnNM&t=2300s"",""text"":""38:20""}, {""url"":""https://www.youtube.com/watch?v=Rl-OiDXLnNM&t=2300s"",""text"":""38:20""}, {""url"":""https://www.youtube.com/watch?v=Rl-OiDXLnNM&t=2446s"",""text"":""40:46""}, {""url"":""https://www.youtube.com/watch?v=Rl-OiDXLnNM&t=2446s"",""text"":""40:46""}, {""url"":""https://www.youtube.com/watch?v=Rl-OiDXLnNM&t=2545s"",""text"":""42:25""}, {""url"":""https://www.youtube.com/watch?v=Rl-OiDXLnNM&t=2545s"",""text"":""42:25""}, {""url"":""https://www.youtube.com/watch?v=Rl-OiDXLnNM&t=2654s"",""text"":""44:14""}, {""url"":""https://www.youtube.com/watch?v=Rl-OiDXLnNM&t=2654s"",""text"":""44:14""}, {""url"":""https://www.youtube.com/watch?v=Rl-OiDXLnNM&t=2774s"",""text"":""46:14""}, {""url"":""https://www.youtube.com/watch?v=Rl-OiDXLnNM&t=2774s"",""text"":""46:14""}, {""url"":""https://www.youtube.com/watch?v=Rl-OiDXLnNM&t=3044s"",""text"":""50:44""}, {""url"":""https://www.youtube.com/watch?v=Rl-OiDXLnNM&t=3044s"",""text"":""50:44""}, {""url"":""https://www.youtube.com/watch?v=Rl-OiDXLnNM&t=3146s"",""text"":""52:26""}, {""url"":""https://www.youtube.com/watch?v=Rl-OiDXLnNM&t=3146s"",""text"":""52:26""}, {""url"":""https://www.youtube.com/watch?v=Rl-OiDXLnNM&t=3230s"",""text"":""53:50""}, {""url"":""https://www.youtube.com/watch?v=Rl-OiDXLnNM&t=3230s"",""text"":""53:50""}, {""url"":""https://www.youtube.com/watch?v=Rl-OiDXLnNM&t=3329s"",""text"":""55:29""}, {""url"":""https://www.youtube.com/watch?v=Rl-OiDXLnNM&t=3329s"",""text"":""55:29""}, {""url"":""https://www.youtube.com/watch?v=Rl-OiDXLnNM&t=3442s"",""text"":""57:22""}, {""url"":""https://www.youtube.com/watch?v=Rl-OiDXLnNM&t=3442s"",""text"":""57:22""}, {""url"":""https://www.youtube.com/watch?v=Rl-OiDXLnNM&t=3507s"",""text"":""58:27""}, {""url"":""https://www.youtube.com/watch?v=Rl-OiDXLnNM&t=3507s"",""text"":""58:27""}, {""url"":""https://www.youtube.com/watch?v=Rl-OiDXLnNM&t=3584s"",""text"":""59:44""}, {""url"":""https://www.youtube.com/watch?v=Rl-OiDXLnNM&t=3584s"",""text"":""59:44""}, {""url"":""https://www.youtube.com/watch?v=Rl-OiDXLnNM&t=3700s"",""text"":""1:01:40""}, {""url"":""https://www.youtube.com/watch?v=Rl-OiDXLnNM&t=3700s"",""text"":""1:01:40""}, {""url"":""https://www.youtube.com/watch?v=Rl-OiDXLnNM&t=3815s"",""text"":""1:03:35""}, {""url"":""https://www.youtube.com/watch?v=Rl-OiDXLnNM&t=3815s"",""text"":""1:03:35""}, {""url"":""https://www.youtube.com/watch?v=Rl-OiDXLnNM&t=3916s"",""text"":""1:05:16""}, {""url"":""https://www.youtube.com/watch?v=Rl-OiDXLnNM&t=3916s"",""text"":""1:05:16""}, {""url"":""https://www.instagram.com/dj_lunaaa/"",""text"":""  / dj_lunaaa  ""}, {""url"":""https://soundcloud.com/dj_lunaa"",""text"":""  / dj_lunaa  ""}"